run,query_no,title,url,document_url,source_url,file_type,source_domain,acquisition_status,final_decision,is_html_like_url,url_extension_guess
run_1_500,114,"Bartow County, Georgia Fulfills Location & Logistical ...",https://georgia.org/sites/default/files/2018-06/voestalpine.pdf,https://georgia.org/sites/default/files/2018-06/voestalpine.pdf,https://georgia.org/sites/default/files/2018-06/voestalpine.pdf,PDF,georgia.org,,review,False,pdf
run_1_500,121,Top tier supplier signs on for Kia facility in West Point | Georgia.org,https://georgia.org/newsroom/press-releases/top-tier-supplier-signs-on-for-kia-facility-in-west-point,https://georgia.org/newsroom/press-releases/top-tier-supplier-signs-on-for-kia-facility-in-west-point,https://georgia.org/newsroom/press-releases/top-tier-supplier-signs-on-for-kia-facility-in-west-point,,georgia.org,DownloadFailed:403 Client Error: Forbidden for url: https://georgia.org/newsroom/press-releases/top-tier-supplier-signs-on-for-kia-facility-in-west-point,review,True,
run_1_500,124,"Hyundai, LG to Put $2B More Into Georgia Battery Joint Venture - Global Atlanta",https://www.globalatlanta.com/hyundai-lg-to-put-2b-more-into-georgia-battery-joint-venture/,https://www.globalatlanta.com/hyundai-lg-to-put-2b-more-into-georgia-battery-joint-venture/,https://www.globalatlanta.com/hyundai-lg-to-put-2b-more-into-georgia-battery-joint-venture/,,www.globalatlanta.com,,review,True,
run_1_500,128,Georgia’s Extensive Logistics Network Speeds Goods to Market | Georgia.org,https://georgia.org/blog/georgias-extensive-logistics-network-speeds-goods-market,https://georgia.org/blog/georgias-extensive-logistics-network-speeds-goods-market,https://georgia.org/blog/georgias-extensive-logistics-network-speeds-goods-market,,georgia.org,,review,True,
run_1_500,130,Georgia Ports welcomes Wallenius Wilhelmsen’s new Brunswick hub facility - Georgia Ports Authority,https://gaports.com/press-releases/georgia-ports-welcomes-wallenius-wilhelmsens-new-brunswick-hub-facility/,https://gaports.com/press-releases/georgia-ports-welcomes-wallenius-wilhelmsens-new-brunswick-hub-facility/,https://gaports.com/press-releases/georgia-ports-welcomes-wallenius-wilhelmsens-new-brunswick-hub-facility/,,gaports.com,,review,True,
run_1_500,130,"Kia to tap Savannah for Telluride components, Brunswick for export - Georgia Ports Authority",https://gaports.com/press-releases/kia-to-tap-savannah-for-telluride-components-brunswick-for-export,https://gaports.com/press-releases/kia-to-tap-savannah-for-telluride-components-brunswick-for-export,https://gaports.com/press-releases/kia-to-tap-savannah-for-telluride-components-brunswick-for-export,,gaports.com,,review,True,
run_1_500,136,"Battery Resourcers to Open North America’s Largest Lithium-ion Battery Recycling Facility in Georgia, Create 150 Jobs | Georgia.org",https://georgia.org/press-release/battery-resourcers-open-north-americas-largest-lithium-ion-battery-recycling-facility,https://georgia.org/press-release/battery-resourcers-open-north-americas-largest-lithium-ion-battery-recycling-facility,https://georgia.org/press-release/battery-resourcers-open-north-americas-largest-lithium-ion-battery-recycling-facility,,georgia.org,DownloadFailed:403 Client Error: Forbidden for url: https://georgia.org/press-release/battery-resourcers-open-north-americas-largest-lithium-ion-battery-recycling-facility,review,True,
run_1_500,146,"Port of Savannah | Savannah Infrastructure | Port, Interstate, Rail, Airport",https://seda.org/do-business-here/infrastructure/,https://seda.org/do-business-here/infrastructure/,https://seda.org/do-business-here/infrastructure/,,seda.org,,review,True,
run_1_500,147,Hyundai Supplier PHA Will Bring 400+ Jobs To Georgia - Automotive - Business Facilities Magazine,https://businessfacilities.com/hyundai-supplier-pha-400-jobs-georgia,https://businessfacilities.com/hyundai-supplier-pha-400-jobs-georgia,https://businessfacilities.com/hyundai-supplier-pha-400-jobs-georgia,,businessfacilities.com,DownloadFailed:403 Client Error: Forbidden for url: https://businessfacilities.com/hyundai-supplier-pha-400-jobs-georgia,review,True,
run_1_500,154,Food Processing | Georgia Food Manufacturing Licenses & Permits,https://www.georgia.org/industries/food-processing,https://www.georgia.org/industries/food-processing,https://www.georgia.org/industries/food-processing,,www.georgia.org,,review,True,
run_1_500,154,Food Processing | Georgia Food Manufacturing Licenses & Permits,https://georgia.org/industries/food-processing,https://georgia.org/industries/food-processing,https://georgia.org/industries/food-processing,,georgia.org,,review,True,
run_1_500,154,Global Temperature-controlled Storage Leader Lineage Logistics to Build New Savannah Facility | Georgia.org,https://georgia.org/press-release/global-temperature-controlled-storage-leader-lineage-logistics-build-new-savannah,https://georgia.org/press-release/global-temperature-controlled-storage-leader-lineage-logistics-build-new-savannah,https://georgia.org/press-release/global-temperature-controlled-storage-leader-lineage-logistics-build-new-savannah,,georgia.org,DownloadFailed:403 Client Error: Forbidden for url: https://georgia.org/press-release/global-temperature-controlled-storage-leader-lineage-logistics-build-new-savannah,review,True,
run_1_500,178,"Yes, EV Battery Recycling Plants Are Ready in the U.S.",https://abiresearch.com/blogs/2024/07/23/ev-battery-recycling-in-us,https://abiresearch.com/blogs/2024/07/23/ev-battery-recycling-in-us,https://abiresearch.com/blogs/2024/07/23/ev-battery-recycling-in-us,,abiresearch.com,,review,True,
run_1_500,178,[PDF] The Battery Report 2022 - Volta Foundation,https://report.volta.foundation/annual-battery-report/public/Battery_Report_2022.pdf,https://report.volta.foundation/annual-battery-report/public/Battery_Report_2022.pdf,https://report.volta.foundation/annual-battery-report/public/Battery_Report_2022.pdf,PDF,report.volta.foundation,,review,False,pdf
run_1_500,194,"Second Global Automotive Supplier for Hyundai Metaplant To Create 1,500 Jobs | Georgia.org",https://georgia.org/press-release/second-global-automotive-supplier-hyundai-metaplant-create-1500-jobs,https://georgia.org/press-release/second-global-automotive-supplier-hyundai-metaplant-create-1500-jobs,https://georgia.org/press-release/second-global-automotive-supplier-hyundai-metaplant-create-1500-jobs,,georgia.org,DownloadFailed:403 Client Error: Forbidden for url: https://georgia.org/press-release/second-global-automotive-supplier-hyundai-metaplant-create-1500-jobs,review,True,
run_1_500,226,The Rise of America's Battery Belt – Asia Matters for America,https://asiamattersforamerica.org/articles/the-rise-of-americas-battery-belt,https://asiamattersforamerica.org/articles/the-rise-of-americas-battery-belt,https://asiamattersforamerica.org/articles/the-rise-of-americas-battery-belt,,asiamattersforamerica.org,,review,True,
run_1_500,226,The Southeast US Battery Belt Is Learning To Love EVs - CleanTechnica,https://cleantechnica.com/2024/05/08/the-southeast-us-battery-belt-is-learning-to-love-evs/,https://cleantechnica.com/2024/05/08/the-southeast-us-battery-belt-is-learning-to-love-evs/,https://cleantechnica.com/2024/05/08/the-southeast-us-battery-belt-is-learning-to-love-evs/,,cleantechnica.com,,review,True,
run_1_500,25,EV Parts Supplier NVH Korea To Establish Georgia Facility,https://www.aftermarketnews.com/nvh-korea-georgia-manufacturing-facility/,https://www.aftermarketnews.com/nvh-korea-georgia-manufacturing-facility/,https://www.aftermarketnews.com/nvh-korea-georgia-manufacturing-facility/,,www.aftermarketnews.com,,review,True,
run_1_500,25,Georgia Electric Vehicle Manufacturing | Georgia Department of Economic Development,https://georgia.org/EV,https://georgia.org/EV,https://georgia.org/EV,,georgia.org,DownloadFailed:403 Client Error: Forbidden for url: https://georgia.org/EV,review,True,
run_1_500,279,[PDF] Final Environmental Assessment - Department of Energy,https://www.energy.gov/sites/default/files/2024-06/EA_FONSI_Final_LPO_Aspen%20Aerogel.pdf,https://www.energy.gov/sites/default/files/2024-06/EA_FONSI_Final_LPO_Aspen%20Aerogel.pdf,https://www.energy.gov/sites/default/files/2024-06/EA_FONSI_Final_LPO_Aspen%20Aerogel.pdf,PDF,www.energy.gov,"DownloadFailed:('Connection broken: IncompleteRead(20301925 bytes read, 821915 more expected)', IncompleteRead(20301925 bytes read, 821915 more expected))",review,False,pdf
run_1_500,323,GEORGIA,https://climatepower.us/wp-content/uploads/2024/03/State-of-the-Clean-Energy-Boom_Georgia.pdf,https://climatepower.us/wp-content/uploads/2024/03/State-of-the-Clean-Energy-Boom_Georgia.pdf,https://climatepower.us/wp-content/uploads/2024/03/State-of-the-Clean-Energy-Boom_Georgia.pdf,PDF,climatepower.us,,review,False,pdf
run_1_500,324,EV Parts Supplier NVH Korea To Establish Georgia Facility,https://www.tomorrowstechnician.com/ev-parts-supplier-nvh-korea-to-establish-georgia-facility,https://www.tomorrowstechnician.com/ev-parts-supplier-nvh-korea-to-establish-georgia-facility,https://www.tomorrowstechnician.com/ev-parts-supplier-nvh-korea-to-establish-georgia-facility,,www.tomorrowstechnician.com,,review,True,
run_1_500,334,[PDF] Clean Energy Investments Are Revitalizing Georgia Communities ...,https://climatepower.us/wp-content/uploads/2024/09/Clean-Energy-Investments-Are-Revitalizing-Georgia-Communities-CEE-2024_09_09-DR.pdf,https://climatepower.us/wp-content/uploads/2024/09/Clean-Energy-Investments-Are-Revitalizing-Georgia-Communities-CEE-2024_09_09-DR.pdf,https://climatepower.us/wp-content/uploads/2024/09/Clean-Energy-Investments-Are-Revitalizing-Georgia-Communities-CEE-2024_09_09-DR.pdf,PDF,climatepower.us,,review,False,pdf
run_1_500,34,[PDF] georgia-highlights_4th_edition_25th_anniversary_2021.pdf,https://georgia.org/sites/default/files/2021-07/georgia-highlights_4th_edition_25th_anniversary_2021.pdf,https://georgia.org/sites/default/files/2021-07/georgia-highlights_4th_edition_25th_anniversary_2021.pdf,https://georgia.org/sites/default/files/2021-07/georgia-highlights_4th_edition_25th_anniversary_2021.pdf,PDF,georgia.org,,review,False,pdf
run_1_500,348,Hyundai to build $5.5 billion EV and battery plant in Georgia - The Atlanta Voice,https://theatlantavoice.com/hyundai-to-build-5-5-billion-ev-and-battery-plant-in-georgia,https://theatlantavoice.com/hyundai-to-build-5-5-billion-ev-and-battery-plant-in-georgia,https://theatlantavoice.com/hyundai-to-build-5-5-billion-ev-and-battery-plant-in-georgia,,theatlantavoice.com,,review,True,
run_1_500,354,Electric Mobility Innovation Alliance (EMIA): Supply Chain | Georgia Department of Economic Development,https://georgia.org/mobility-supply-chain,https://georgia.org/mobility-supply-chain,https://georgia.org/mobility-supply-chain,,georgia.org,DownloadFailed:403 Client Error: Forbidden for url: https://georgia.org/mobility-supply-chain,review,True,
run_1_500,354,Electric Mobility Innovation Alliance (EMIA): Supply Chain | Georgia Department of Economic Development,https://www.georgia.org/mobility-supply-chain,https://www.georgia.org/mobility-supply-chain,https://www.georgia.org/mobility-supply-chain,,www.georgia.org,DownloadFailed:403 Client Error: Forbidden for url: https://www.georgia.org/mobility-supply-chain,review,True,
run_1_500,354,Georgia Business Assets a Powerful Magnet for Electric Vehicle Industry | Georgia.org,https://georgia.org/blog/georgia-business-assets-powerful-magnet-electric-vehicle-industry,https://georgia.org/blog/georgia-business-assets-powerful-magnet-electric-vehicle-industry,https://georgia.org/blog/georgia-business-assets-powerful-magnet-electric-vehicle-industry,,georgia.org,DownloadFailed:403 Client Error: Forbidden for url: https://georgia.org/blog/georgia-business-assets-powerful-magnet-electric-vehicle-industry,review,True,
run_1_500,354,Georgia Emerges as Hub for Sustainability | Georgia.org,https://georgia.org/blog/georgia-emerges-hub-sustainability,https://georgia.org/blog/georgia-emerges-hub-sustainability,https://georgia.org/blog/georgia-emerges-hub-sustainability,,georgia.org,DownloadFailed:403 Client Error: Forbidden for url: https://georgia.org/blog/georgia-emerges-hub-sustainability,review,True,
run_1_500,354,Hyundai Motor Group and SK On To Build EV Battery Facility in Bartow County | Georgia.org,https://georgia.org/press-release/hyundai-motor-group-and-sk-build-ev-battery-facility-bartow-county,https://georgia.org/press-release/hyundai-motor-group-and-sk-build-ev-battery-facility-bartow-county,https://georgia.org/press-release/hyundai-motor-group-and-sk-build-ev-battery-facility-bartow-county,,georgia.org,DownloadFailed:403 Client Error: Forbidden for url: https://georgia.org/press-release/hyundai-motor-group-and-sk-build-ev-battery-facility-bartow-county,review,True,
run_1_500,354,"Second Global Automotive Supplier for Hyundai Metaplant To Create 1,500 Jobs | Georgia.org",https://www.georgia.org/press-release/second-global-automotive-supplier-hyundai-metaplant-create-1500-jobs,https://www.georgia.org/press-release/second-global-automotive-supplier-hyundai-metaplant-create-1500-jobs,https://www.georgia.org/press-release/second-global-automotive-supplier-hyundai-metaplant-create-1500-jobs,,www.georgia.org,DownloadFailed:403 Client Error: Forbidden for url: https://www.georgia.org/press-release/second-global-automotive-supplier-hyundai-metaplant-create-1500-jobs,review,True,
run_1_500,374,Plugged-in: EV revolution fuels Battery Belt emergence from the Midwest to the South | Baker Tilly,https://bakertilly.com/insights/ev-revolution-fuels-battery-belt-emergence-midwest-south,https://bakertilly.com/insights/ev-revolution-fuels-battery-belt-emergence-midwest-south,https://bakertilly.com/insights/ev-revolution-fuels-battery-belt-emergence-midwest-south,,bakertilly.com,,review,True,
run_1_500,380,Hyundai’s Georgia EV supplier network adds 3 more manufacturers | WardsAuto,https://www.wardsauto.com/news/archive-auto-hyundai-georgia-supplier-network-nvh-korea-daesol-ausys-das-corp-manufacturers/693552,https://www.wardsauto.com/news/archive-auto-hyundai-georgia-supplier-network-nvh-korea-daesol-ausys-das-corp-manufacturers/693552,https://www.wardsauto.com/news/archive-auto-hyundai-georgia-supplier-network-nvh-korea-daesol-ausys-das-corp-manufacturers/693552,,www.wardsauto.com,,review,True,
run_1_500,380,"Transportation, Distribution & Logistics | Georgia Department of Economic Development",https://georgia.org/industries/logistics-supply-chain,https://georgia.org/industries/logistics-supply-chain,https://georgia.org/industries/logistics-supply-chain,,georgia.org,DownloadFailed:403 Client Error: Forbidden for url: https://georgia.org/industries/logistics-supply-chain,review,True,
run_1_500,390,Hyundai’s Georgia EV supplier network adds 3 more manufacturers | Manufacturing Dive,https://www.manufacturingdive.com/news/hyundai-georgia-supplier-network-nvh-korea-daesol-ausys-das-corp-manufacturers/693349,https://www.manufacturingdive.com/news/hyundai-georgia-supplier-network-nvh-korea-daesol-ausys-das-corp-manufacturers/693349,https://www.manufacturingdive.com/news/hyundai-georgia-supplier-network-nvh-korea-daesol-ausys-das-corp-manufacturers/693349,,www.manufacturingdive.com,DownloadFailed:403 Client Error: Forbidden for url: https://www.manufacturingdive.com/news/hyundai-georgia-supplier-network-nvh-korea-daesol-ausys-das-corp-manufacturers/693349,review,True,
run_1_500,390,Hyundai’s Georgia EV supplier network adds 3 more manufacturers | Supply Chain Dive,https://www.supplychaindive.com/news/hyundai-georgia-supplier-network-nvh-korea-daesol-ausys-das-corp-manufacturers/693434,https://www.supplychaindive.com/news/hyundai-georgia-supplier-network-nvh-korea-daesol-ausys-das-corp-manufacturers/693434,https://www.supplychaindive.com/news/hyundai-georgia-supplier-network-nvh-korea-daesol-ausys-das-corp-manufacturers/693434,,www.supplychaindive.com,DownloadFailed:403 Client Error: Forbidden for url: https://www.supplychaindive.com/news/hyundai-georgia-supplier-network-nvh-korea-daesol-ausys-das-corp-manufacturers/693434,review,True,
run_1_500,394,"EV Parts Supplier NVH Korea to Create Over 160 Jobs, Invest $72M in Henry County | Georgia.org",https://www.georgia.org/press-release/ev-parts-supplier-nvh-korea-create-over-160-jobs-invest-72m-henry-county,https://www.georgia.org/press-release/ev-parts-supplier-nvh-korea-create-over-160-jobs-invest-72m-henry-county,https://www.georgia.org/press-release/ev-parts-supplier-nvh-korea-create-over-160-jobs-invest-72m-henry-county,,www.georgia.org,DownloadFailed:403 Client Error: Forbidden for url: https://www.georgia.org/press-release/ev-parts-supplier-nvh-korea-create-over-160-jobs-invest-72m-henry-county,review,True,
run_1_500,394,"EV Parts Supplier NVH Korea to Create Over 160 Jobs, Invest $72M in Henry County | Georgia.org",https://georgia.org/press-release/ev-parts-supplier-nvh-korea-create-over-160-jobs-invest-72m-henry-county,https://georgia.org/press-release/ev-parts-supplier-nvh-korea-create-over-160-jobs-invest-72m-henry-county,https://georgia.org/press-release/ev-parts-supplier-nvh-korea-create-over-160-jobs-invest-72m-henry-county,,georgia.org,DownloadFailed:403 Client Error: Forbidden for url: https://georgia.org/press-release/ev-parts-supplier-nvh-korea-create-over-160-jobs-invest-72m-henry-county,review,True,
run_1_500,394,First Hyundai Motor Group Supplier to Build Facility in Bulloch County | Georgia.org,https://www.georgia.org/press-release/first-hyundai-motor-group-supplier-build-facility-bulloch-county,https://www.georgia.org/press-release/first-hyundai-motor-group-supplier-build-facility-bulloch-county,https://www.georgia.org/press-release/first-hyundai-motor-group-supplier-build-facility-bulloch-county,,www.georgia.org,DownloadFailed:403 Client Error: Forbidden for url: https://www.georgia.org/press-release/first-hyundai-motor-group-supplier-build-facility-bulloch-county,review,True,
run_1_500,394,First Hyundai Motor Group Supplier to Build Facility in Bulloch County | Georgia.org,https://georgia.org/press-release/first-hyundai-motor-group-supplier-build-facility-bulloch-county,https://georgia.org/press-release/first-hyundai-motor-group-supplier-build-facility-bulloch-county,https://georgia.org/press-release/first-hyundai-motor-group-supplier-build-facility-bulloch-county,,georgia.org,DownloadFailed:403 Client Error: Forbidden for url: https://georgia.org/press-release/first-hyundai-motor-group-supplier-build-facility-bulloch-county,review,True,
run_1_500,394,How the Georgia-Korea Connection Energizes Opportunities | Georgia.org,https://www.georgia.org/blog/how-georgia-korea-connection-energizes-opportunities,https://www.georgia.org/blog/how-georgia-korea-connection-energizes-opportunities,https://www.georgia.org/blog/how-georgia-korea-connection-energizes-opportunities,,www.georgia.org,DownloadFailed:403 Client Error: Forbidden for url: https://www.georgia.org/blog/how-georgia-korea-connection-energizes-opportunities,review,True,
run_1_500,407,LG Energy Solution and Honda Break Ground for New Joint Venture EV Battery Plant in Ohio | Honda Global Corporate Website,https://global.honda/en/newsroom/news/2023/c230301eng.html,https://global.honda/en/newsroom/news/2023/c230301eng.html,https://global.honda/en/newsroom/news/2023/c230301eng.html,HTML,global.honda,,review,True,html
run_1_500,42,Third Hyundai supplier sets up factory near upcoming EV plant | Manufacturing Dive,https://www.manufacturingdive.com/news/third-hyundai-supplier-sets-up-factory-near-incoming-ev-plant/640074/,https://www.manufacturingdive.com/news/third-hyundai-supplier-sets-up-factory-near-incoming-ev-plant/640074/,https://www.manufacturingdive.com/news/third-hyundai-supplier-sets-up-factory-near-incoming-ev-plant/640074/,,www.manufacturingdive.com,,review,True,
run_1_500,442,Hyundai Motor Group | Georgia.org,https://georgia.org/hyundaimotorgroup,https://georgia.org/hyundaimotorgroup,https://georgia.org/hyundaimotorgroup,,georgia.org,DownloadFailed:403 Client Error: Forbidden for url: https://georgia.org/hyundaimotorgroup,review,True,
run_1_500,442,LG Energy Solution and Hyundai Motor Group to Establish Battery Cell Manufacturing Joint Venture in the U.S. – LG Energy Solution,https://news.lgensol.com/company-news/press-releases/1780/,https://news.lgensol.com/company-news/press-releases/1780/,https://news.lgensol.com/company-news/press-releases/1780/,,news.lgensol.com,,review,True,
run_1_500,442,"LG Energy, Hyundai to invest additional $2B in Georgia battery cell plant | Utility Dive",https://www.utilitydive.com/news/lg-energy-hyundai-additional-2b-ellabell-savannah-georgia-joint-battery-cell/692717/,https://www.utilitydive.com/news/lg-energy-hyundai-additional-2b-ellabell-savannah-georgia-joint-battery-cell/692717/,https://www.utilitydive.com/news/lg-energy-hyundai-additional-2b-ellabell-savannah-georgia-joint-battery-cell/692717/,,www.utilitydive.com,,review,True,
run_1_500,442,Tracking the EV battery factory construction boom across North America | TechCrunch,https://techcrunch.com/2025/02/06/tracking-the-ev-battery-factory-construction-boom-across-north-america/,https://techcrunch.com/2025/02/06/tracking-the-ev-battery-factory-construction-boom-across-north-america/,https://techcrunch.com/2025/02/06/tracking-the-ev-battery-factory-construction-boom-across-north-america/,,techcrunch.com,,review,True,
run_1_500,443,[PDF] Georgia Department of Economic Development Board Meeting,https://georgia.org/sites/default/files/2023-01/2022-5-11_gdecd_board_minutes.pdf,https://georgia.org/sites/default/files/2023-01/2022-5-11_gdecd_board_minutes.pdf,https://georgia.org/sites/default/files/2023-01/2022-5-11_gdecd_board_minutes.pdf,PDF,georgia.org,,review,False,pdf
run_1_500,474,Georgia Companies Hit Key Milestones in Long-Term Partnerships | Georgia.org,https://georgia.org/blog/georgia-companies-hit-key-milestones-long-term-partnerships,https://georgia.org/blog/georgia-companies-hit-key-milestones-long-term-partnerships,https://georgia.org/blog/georgia-companies-hit-key-milestones-long-term-partnerships,,georgia.org,,review,True,
run_1_500,474,[PDF] 8 August 2022 US Army Corps of Engineers Savannah District ...,https://georgia.org/sites/default/files/2022-08/08.08.2022_response_to_404_permit_public_notice_comments.pdf,https://georgia.org/sites/default/files/2022-08/08.08.2022_response_to_404_permit_public_notice_comments.pdf,https://georgia.org/sites/default/files/2022-08/08.08.2022_response_to_404_permit_public_notice_comments.pdf,PDF,georgia.org,,review,False,pdf
run_1_500,482,Hyundai Motor Group Will Build Big EV Plant And Battery Facility In Georgia,https://insideevs.com/news/587322/hyundai-build-ev-plant-battery-georgia/,https://insideevs.com/news/587322/hyundai-build-ev-plant-battery-georgia/,https://insideevs.com/news/587322/hyundai-build-ev-plant-battery-georgia/,,insideevs.com,,review,True,
run_1_500,486,SK On and Hyundai Partner on Georgia EV Battery Plant | News | SK,https://eng.sk.com/news/sk-on-and-hyundai-motor-bolster-support-for-u-s-evs-with-georgia-battery-plant,https://eng.sk.com/news/sk-on-and-hyundai-motor-bolster-support-for-u-s-evs-with-georgia-battery-plant,https://eng.sk.com/news/sk-on-and-hyundai-motor-bolster-support-for-u-s-evs-with-georgia-battery-plant,,eng.sk.com,,review,True,
run_1_500,487,Hyundai Mobis to build EV power system plant in Bryan County Georgia,https://www.savannahnow.com/story/business/automotive/2022/11/25/hyundai-mobis-electric-vehicle-power-system-plant-bryan-county-georgia/10762116002,https://www.savannahnow.com/story/business/automotive/2022/11/25/hyundai-mobis-electric-vehicle-power-system-plant-bryan-county-georgia/10762116002,https://www.savannahnow.com/story/business/automotive/2022/11/25/hyundai-mobis-electric-vehicle-power-system-plant-bryan-county-georgia/10762116002,,www.savannahnow.com,,review,True,
run_1_500,487,Hyundai Mobis to build EV power system plant in Bryan County Georgia,https://www.usatoday.com/story/business/automotive/2022/11/25/hyundai-mobis-electric-vehicle-power-system-plant-bryan-county-georgia/10762116002,https://www.usatoday.com/story/business/automotive/2022/11/25/hyundai-mobis-electric-vehicle-power-system-plant-bryan-county-georgia/10762116002,https://www.usatoday.com/story/business/automotive/2022/11/25/hyundai-mobis-electric-vehicle-power-system-plant-bryan-county-georgia/10762116002,,www.usatoday.com,,review,True,
run_1_500,487,Hyundai Will Build First Fully-Dedicated EV Plant In Georgia - Automotive - Business Facilities Magazine,https://businessfacilities.com/2022/05/hyundai-will-build-first-fully-dedicated-ev-plant-in-georgia,https://businessfacilities.com/2022/05/hyundai-will-build-first-fully-dedicated-ev-plant-in-georgia,https://businessfacilities.com/2022/05/hyundai-will-build-first-fully-dedicated-ev-plant-in-georgia,,businessfacilities.com,,review,True,
run_1_500,487,Hyundai and SK On plan $5B Georgia EV battery plant | Manufacturing Dive,https://www.manufacturingdive.com/news/Hyundai-SK-On-plan-5B-Georgia-EV-battery-joint-venture/648576/,https://www.manufacturingdive.com/news/Hyundai-SK-On-plan-5B-Georgia-EV-battery-joint-venture/648576/,https://www.manufacturingdive.com/news/Hyundai-SK-On-plan-5B-Georgia-EV-battery-joint-venture/648576/,,www.manufacturingdive.com,DownloadFailed:403 Client Error: Forbidden for url: https://www.manufacturingdive.com/news/Hyundai-SK-On-plan-5B-Georgia-EV-battery-joint-venture/648576/,review,True,
run_1_500,487,"Troup County, Georgia | Business View Magazine",https://businessviewmagazine.com/troup-county-georgia,https://businessviewmagazine.com/troup-county-georgia,https://businessviewmagazine.com/troup-county-georgia,,businessviewmagazine.com,,review,True,
run_1_500,490,Congressional Record,https://www.congress.gov/119/crec/2025/04/28/171/70/CREC-2025-04-28.pdf,https://www.congress.gov/119/crec/2025/04/28/171/70/CREC-2025-04-28.pdf,https://www.congress.gov/119/crec/2025/04/28/171/70/CREC-2025-04-28.pdf,PDF,www.congress.gov,,review,False,pdf
run_1_500,491,"Hyundai, SK On plan $5B Georgia EV battery plant | Utility Dive",https://www.utilitydive.com/news/Hyundai-SK-On-plan-5B-Georgia-EV-battery-joint-venture/648667/?ref=cleantech-vanguard.com,https://www.utilitydive.com/news/Hyundai-SK-On-plan-5B-Georgia-EV-battery-joint-venture/648667/?ref=cleantech-vanguard.com,https://www.utilitydive.com/news/Hyundai-SK-On-plan-5B-Georgia-EV-battery-joint-venture/648667/?ref=cleantech-vanguard.com,,www.utilitydive.com,,review,False,com
run_1_500,495,Hyundai supplier to build factory near automaker’s Georgia EV campus | Manufacturing Dive,https://www.manufacturingdive.com/news/hyundai-supplier-to-build-factory-near-its-savannah-ev-campus/636192,https://www.manufacturingdive.com/news/hyundai-supplier-to-build-factory-near-its-savannah-ev-campus/636192,https://www.manufacturingdive.com/news/hyundai-supplier-to-build-factory-near-its-savannah-ev-campus/636192,,www.manufacturingdive.com,,review,True,
run_1_500,497,US and Canada Electric Vehicle Supply Chain Map - Charged,https://www.charged-the-book.com/na-ev-supply-chain-map,https://www.charged-the-book.com/na-ev-supply-chain-map,https://www.charged-the-book.com/na-ev-supply-chain-map,,www.charged-the-book.com,,review,True,
run_1_500,500,Seoyon E-Hwa To Invest $76M In Georgia Manufacturing Facility - Automotive - Business Facilities Magazine,https://businessfacilities.com/seoyon-e-hwa-to-invest-76m-in-georgia-manufacturing-facility,https://businessfacilities.com/seoyon-e-hwa-to-invest-76m-in-georgia-manufacturing-facility,https://businessfacilities.com/seoyon-e-hwa-to-invest-76m-in-georgia-manufacturing-facility,,businessfacilities.com,,review,True,
run_1_500,500,Seoyon E-Hwa To Invest $76M In Georgia Manufacturing Facility - Automotive - Business Facilities Magazine,https://businessfacilities.com/seoyon-e-hwa-to-invest-76m-in-georgia-manufacturing-facility/2,https://businessfacilities.com/seoyon-e-hwa-to-invest-76m-in-georgia-manufacturing-facility/2,https://businessfacilities.com/seoyon-e-hwa-to-invest-76m-in-georgia-manufacturing-facility/2,,businessfacilities.com,,review,True,
run_1_500,74,Longtime Kia and HMG Supplier to Build Manufacturing Facility in Bulloch County | Georgia.org,https://www.georgia.org/press-release/longtime-kia-and-hmg-supplier-build-manufacturing-facility-bulloch-county,https://www.georgia.org/press-release/longtime-kia-and-hmg-supplier-build-manufacturing-facility-bulloch-county,https://www.georgia.org/press-release/longtime-kia-and-hmg-supplier-build-manufacturing-facility-bulloch-county,,www.georgia.org,DownloadFailed:403 Client Error: Forbidden for url: https://www.georgia.org/press-release/longtime-kia-and-hmg-supplier-build-manufacturing-facility-bulloch-county,review,True,
run_1_500,74,Longtime Kia and HMG Supplier to Build Manufacturing Facility in Bulloch County | Georgia.org,https://georgia.org/press-release/longtime-kia-and-hmg-supplier-build-manufacturing-facility-bulloch-county,https://georgia.org/press-release/longtime-kia-and-hmg-supplier-build-manufacturing-facility-bulloch-county,https://georgia.org/press-release/longtime-kia-and-hmg-supplier-build-manufacturing-facility-bulloch-county,,georgia.org,DownloadFailed:403 Client Error: Forbidden for url: https://georgia.org/press-release/longtime-kia-and-hmg-supplier-build-manufacturing-facility-bulloch-county,review,True,
run_1_500,82,Battery boom in the South: How states like Georgia are quietly building,https://business-news-today.com/battery-boom-in-the-south-how-states-like-georgia-are-quietly-building-energy-storage-capacity,https://business-news-today.com/battery-boom-in-the-south-how-states-like-georgia-are-quietly-building-energy-storage-capacity,https://business-news-today.com/battery-boom-in-the-south-how-states-like-georgia-are-quietly-building-energy-storage-capacity,,business-news-today.com,,review,True,
run_501_1000,1,Hyundai Supplier PHA Will Bring 400+ Jobs To Georgia - Automotive - Business Facilities Magazine,https://businessfacilities.com/hyundai-supplier-pha-400-jobs-georgia,https://businessfacilities.com/hyundai-supplier-pha-400-jobs-georgia,https://businessfacilities.com/hyundai-supplier-pha-400-jobs-georgia,,businessfacilities.com,DownloadFailed:403 Client Error: Forbidden for url: https://businessfacilities.com/hyundai-supplier-pha-400-jobs-georgia,review,True,
run_501_1000,130,Georgia Ports Authority (a Component Unit of the State of Georgia),https://gaports.com/wp-content/uploads/2024/10/GPA-ACFR.pdf,https://gaports.com/wp-content/uploads/2024/10/GPA-ACFR.pdf,https://gaports.com/wp-content/uploads/2024/10/GPA-ACFR.pdf,PDF,gaports.com,,review,False,pdf
run_501_1000,130,Savannah Warehousing & Distribution Solutions | Port-Proximate Storage,https://olimpwarehousing.com/service-locations/us-georgia/savannah/warehousing/,https://olimpwarehousing.com/service-locations/us-georgia/savannah/warehousing/,https://olimpwarehousing.com/service-locations/us-georgia/savannah/warehousing/,,olimpwarehousing.com,,review,True,
run_501_1000,144,"Hyundai, SK On plan $5B Georgia EV battery plant | Utility Dive",https://www.utilitydive.com/news/Hyundai-SK-On-plan-5B-Georgia-EV-battery-joint-venture/648667?ref=cleantech-vanguard.com,https://www.utilitydive.com/news/Hyundai-SK-On-plan-5B-Georgia-EV-battery-joint-venture/648667?ref=cleantech-vanguard.com,https://www.utilitydive.com/news/Hyundai-SK-On-plan-5B-Georgia-EV-battery-joint-venture/648667?ref=cleantech-vanguard.com,,www.utilitydive.com,DownloadFailed:403 Client Error: Forbidden for url: https://www.utilitydive.com/news/Hyundai-SK-On-plan-5B-Georgia-EV-battery-joint-venture/648667?ref=cleantech-vanguard.com,review,False,com
run_501_1000,157,Georgia Electric Vehicle Manufacturing | Georgia Department of Economic Development,https://georgia.org/EV,https://georgia.org/EV,https://georgia.org/EV,,georgia.org,DownloadFailed:403 Client Error: Forbidden for url: https://georgia.org/EV,review,True,
run_501_1000,174,"EV Parts Supplier NVH Korea to Create Over 160 Jobs, Invest $72M in Henry County | Georgia.org",https://www.georgia.org/press-release/ev-parts-supplier-nvh-korea-create-over-160-jobs-invest-72m-henry-county,https://www.georgia.org/press-release/ev-parts-supplier-nvh-korea-create-over-160-jobs-invest-72m-henry-county,https://www.georgia.org/press-release/ev-parts-supplier-nvh-korea-create-over-160-jobs-invest-72m-henry-county,,www.georgia.org,DownloadFailed:403 Client Error: Forbidden for url: https://www.georgia.org/press-release/ev-parts-supplier-nvh-korea-create-over-160-jobs-invest-72m-henry-county,review,True,
run_501_1000,174,"EV Parts Supplier NVH Korea to Create Over 160 Jobs, Invest $72M in Henry County | Georgia.org",https://georgia.org/press-release/ev-parts-supplier-nvh-korea-create-over-160-jobs-invest-72m-henry-county,https://georgia.org/press-release/ev-parts-supplier-nvh-korea-create-over-160-jobs-invest-72m-henry-county,https://georgia.org/press-release/ev-parts-supplier-nvh-korea-create-over-160-jobs-invest-72m-henry-county,,georgia.org,DownloadFailed:403 Client Error: Forbidden for url: https://georgia.org/press-release/ev-parts-supplier-nvh-korea-create-over-160-jobs-invest-72m-henry-county,review,True,
run_501_1000,180,EV Parts Supplier NVH Korea To Establish Georgia Facility,https://www.aftermarketnews.com/nvh-korea-georgia-manufacturing-facility,https://www.aftermarketnews.com/nvh-korea-georgia-manufacturing-facility,https://www.aftermarketnews.com/nvh-korea-georgia-manufacturing-facility,,www.aftermarketnews.com,,review,True,
run_501_1000,180,[PDF] 2024 Collective Impact Report - Cox Enterprises,https://www.coxenterprises.com/wp-content/uploads/2025/08/2024_Report_R7.8_DIGITAL-Final.pdf,https://www.coxenterprises.com/wp-content/uploads/2025/08/2024_Report_R7.8_DIGITAL-Final.pdf,https://www.coxenterprises.com/wp-content/uploads/2025/08/2024_Report_R7.8_DIGITAL-Final.pdf,PDF,www.coxenterprises.com,,review,False,pdf
run_501_1000,224,"[PDF] Together, we add - Light - Georgia Transmission",https://www.gatransmission.com/wp-content/uploads/2020/04/2019-Georgia-Transmission-Annual-Report.pdf,https://www.gatransmission.com/wp-content/uploads/2020/04/2019-Georgia-Transmission-Annual-Report.pdf,https://www.gatransmission.com/wp-content/uploads/2020/04/2019-Georgia-Transmission-Annual-Report.pdf,PDF,www.gatransmission.com,,review,False,pdf
run_501_1000,236,Electric Mobility Innovation Alliance (EMIA): Supply Chain | Georgia Department of Economic Development,https://georgia.org/mobility-supply-chain,https://georgia.org/mobility-supply-chain,https://georgia.org/mobility-supply-chain,,georgia.org,DownloadFailed:403 Client Error: Forbidden for url: https://georgia.org/mobility-supply-chain,review,True,
run_501_1000,239,EV Parts Supplier NVH Korea To Establish Georgia Facility,https://www.tomorrowstechnician.com/ev-parts-supplier-nvh-korea-to-establish-georgia-facility,https://www.tomorrowstechnician.com/ev-parts-supplier-nvh-korea-to-establish-georgia-facility,https://www.tomorrowstechnician.com/ev-parts-supplier-nvh-korea-to-establish-georgia-facility,,www.tomorrowstechnician.com,DownloadFailed:403 Client Error: Forbidden for url: https://www.tomorrowstechnician.com/ev-parts-supplier-nvh-korea-to-establish-georgia-facility,review,True,
run_501_1000,239,Hyundai and SK On plan $5B Georgia EV battery plant | Manufacturing Dive,https://www.manufacturingdive.com/news/Hyundai-SK-On-plan-5B-Georgia-EV-battery-joint-venture/648576/,https://www.manufacturingdive.com/news/Hyundai-SK-On-plan-5B-Georgia-EV-battery-joint-venture/648576/,https://www.manufacturingdive.com/news/Hyundai-SK-On-plan-5B-Georgia-EV-battery-joint-venture/648576/,,www.manufacturingdive.com,DownloadFailed:403 Client Error: Forbidden for url: https://www.manufacturingdive.com/news/Hyundai-SK-On-plan-5B-Georgia-EV-battery-joint-venture/648576/,review,True,
run_501_1000,239,Hyundai supplier to build factory near automaker’s Georgia EV campus | Manufacturing Dive,https://www.manufacturingdive.com/news/hyundai-supplier-to-build-factory-near-its-savannah-ev-campus/636192,https://www.manufacturingdive.com/news/hyundai-supplier-to-build-factory-near-its-savannah-ev-campus/636192,https://www.manufacturingdive.com/news/hyundai-supplier-to-build-factory-near-its-savannah-ev-campus/636192,,www.manufacturingdive.com,,review,True,
run_501_1000,239,"Hyundai, SK On plan $5B Georgia EV battery plant | Utility Dive",https://www.utilitydive.com/news/Hyundai-SK-On-plan-5B-Georgia-EV-battery-joint-venture/648667/,https://www.utilitydive.com/news/Hyundai-SK-On-plan-5B-Georgia-EV-battery-joint-venture/648667/,https://www.utilitydive.com/news/Hyundai-SK-On-plan-5B-Georgia-EV-battery-joint-venture/648667/,,www.utilitydive.com,DownloadFailed:403 Client Error: Forbidden for url: https://www.utilitydive.com/news/Hyundai-SK-On-plan-5B-Georgia-EV-battery-joint-venture/648667/,review,True,
run_501_1000,240,Seoyon E-Hwa To Invest $76M In Georgia Manufacturing Facility - Automotive - Business Facilities Magazine,https://businessfacilities.com/seoyon-e-hwa-to-invest-76m-in-georgia-manufacturing-facility,https://businessfacilities.com/seoyon-e-hwa-to-invest-76m-in-georgia-manufacturing-facility,https://businessfacilities.com/seoyon-e-hwa-to-invest-76m-in-georgia-manufacturing-facility,,businessfacilities.com,,review,True,
run_501_1000,240,Seoyon E-Hwa To Invest $76M In Georgia Manufacturing Facility - Automotive - Business Facilities Magazine,https://businessfacilities.com/seoyon-e-hwa-to-invest-76m-in-georgia-manufacturing-facility/2,https://businessfacilities.com/seoyon-e-hwa-to-invest-76m-in-georgia-manufacturing-facility/2,https://businessfacilities.com/seoyon-e-hwa-to-invest-76m-in-georgia-manufacturing-facility/2,,businessfacilities.com,,review,True,
run_501_1000,244,[PDF] Georgia Department of Economic Development Board Meeting,https://georgia.org/sites/default/files/2023-01/2022-5-11_gdecd_board_minutes.pdf,https://georgia.org/sites/default/files/2023-01/2022-5-11_gdecd_board_minutes.pdf,https://georgia.org/sites/default/files/2023-01/2022-5-11_gdecd_board_minutes.pdf,PDF,georgia.org,,review,False,pdf
run_501_1000,246,Hyundai Motor Group and SK On to Build EV Battery Facility in Georgia - Autobody News,https://www.autobodynews.com/news/hyundai-motor-group-and-sk-on-to-build-ev-battery-facility-in-georgia,https://www.autobodynews.com/news/hyundai-motor-group-and-sk-on-to-build-ev-battery-facility-in-georgia,https://www.autobodynews.com/news/hyundai-motor-group-and-sk-on-to-build-ev-battery-facility-in-georgia,,www.autobodynews.com,,review,True,
run_501_1000,269,Georgia’s Extensive Logistics Network Speeds Goods to Market | Georgia.org,https://georgia.org/blog/georgias-extensive-logistics-network-speeds-goods-market,https://georgia.org/blog/georgias-extensive-logistics-network-speeds-goods-market,https://georgia.org/blog/georgias-extensive-logistics-network-speeds-goods-market,,georgia.org,DownloadFailed:403 Client Error: Forbidden for url: https://georgia.org/blog/georgias-extensive-logistics-network-speeds-goods-market,review,True,
run_501_1000,29,[PDF] A copy of each Transportation Security Administration (TSA) report ...,https://www.governmentattic.org/21docs/TSAcongNonPubRpts_2007-2014.pdf,https://www.governmentattic.org/21docs/TSAcongNonPubRpts_2007-2014.pdf,https://www.governmentattic.org/21docs/TSAcongNonPubRpts_2007-2014.pdf,PDF,www.governmentattic.org,,review,False,pdf
run_501_1000,290,Hyundai’s Georgia EV supplier network adds 3 more manufacturers | Manufacturing Dive,https://www.manufacturingdive.com/news/hyundai-georgia-supplier-network-nvh-korea-daesol-ausys-das-corp-manufacturers/693349,https://www.manufacturingdive.com/news/hyundai-georgia-supplier-network-nvh-korea-daesol-ausys-das-corp-manufacturers/693349,https://www.manufacturingdive.com/news/hyundai-georgia-supplier-network-nvh-korea-daesol-ausys-das-corp-manufacturers/693349,,www.manufacturingdive.com,DownloadFailed:403 Client Error: Forbidden for url: https://www.manufacturingdive.com/news/hyundai-georgia-supplier-network-nvh-korea-daesol-ausys-das-corp-manufacturers/693349,review,True,
run_501_1000,290,Hyundai’s Georgia EV supplier network adds 3 more manufacturers | WardsAuto,https://www.wardsauto.com/news/archive-auto-hyundai-georgia-supplier-network-nvh-korea-daesol-ausys-das-corp-manufacturers/693552,https://www.wardsauto.com/news/archive-auto-hyundai-georgia-supplier-network-nvh-korea-daesol-ausys-das-corp-manufacturers/693552,https://www.wardsauto.com/news/archive-auto-hyundai-georgia-supplier-network-nvh-korea-daesol-ausys-das-corp-manufacturers/693552,,www.wardsauto.com,,review,True,
run_501_1000,308,New manufacturing facility breaks ground in Bainbridge,https://www.walb.com/2023/06/28/new-manufacturing-facility-breaks-ground-bainbridge/,https://www.walb.com/2023/06/28/new-manufacturing-facility-breaks-ground-bainbridge/,https://www.walb.com/2023/06/28/new-manufacturing-facility-breaks-ground-bainbridge/,,www.walb.com,,review,True,
run_501_1000,319,"GA: Anovion Technologies to Create 400 Jobs in Bainbridge, Invest $800M in Manufacturing Facility | Trade and Industry Development",https://www.tradeandindustrydev.com/region/georgia/news/ga-anovion-technologies-create-400-jobs-bainbridge-31763,https://www.tradeandindustrydev.com/region/georgia/news/ga-anovion-technologies-create-400-jobs-bainbridge-31763,https://www.tradeandindustrydev.com/region/georgia/news/ga-anovion-technologies-create-400-jobs-bainbridge-31763,,www.tradeandindustrydev.com,,review,True,
run_501_1000,323,"Anovion Technologies to Create Over 400 Jobs in Bainbridge, Invest $800M in Manufacturing Facility | Georgia.org",https://georgia.org/press-release/anovion-technologies-create-over-400-jobs-bainbridge-invest-800m-manufacturing,https://georgia.org/press-release/anovion-technologies-create-over-400-jobs-bainbridge-invest-800m-manufacturing,https://georgia.org/press-release/anovion-technologies-create-over-400-jobs-bainbridge-invest-800m-manufacturing,,georgia.org,DownloadFailed:403 Client Error: Forbidden for url: https://georgia.org/press-release/anovion-technologies-create-over-400-jobs-bainbridge-invest-800m-manufacturing,review,True,
run_501_1000,327,"Anovion Technologies to Create Over 400 Jobs in Bainbridge, Invest $800M in Manufacturing Facility | Georgia.org",https://www.georgia.org/press-release/anovion-technologies-create-over-400-jobs-bainbridge-invest-800m-manufacturing,https://www.georgia.org/press-release/anovion-technologies-create-over-400-jobs-bainbridge-invest-800m-manufacturing,https://www.georgia.org/press-release/anovion-technologies-create-over-400-jobs-bainbridge-invest-800m-manufacturing,,www.georgia.org,DownloadFailed:403 Client Error: Forbidden for url: https://www.georgia.org/press-release/anovion-technologies-create-over-400-jobs-bainbridge-invest-800m-manufacturing,review,True,
run_501_1000,334,EV & Mobility Newsroom | Georgia.org,https://georgia.org/ev-mobility-newsroom,https://georgia.org/ev-mobility-newsroom,https://georgia.org/ev-mobility-newsroom,,georgia.org,,review,True,
run_501_1000,34,Embracing Progress: Highlights from our First Pop-Up Bus Tour in Troup County - Location Georgia,https://www.locationgeorgia.com/pop-up-bus-tour-troup-county-june-2024,https://www.locationgeorgia.com/pop-up-bus-tour-troup-county-june-2024,https://www.locationgeorgia.com/pop-up-bus-tour-troup-county-june-2024,,www.locationgeorgia.com,,review,True,
run_501_1000,34,Hyundai supplier plans second Georgia manufacturing site | Manufacturing Dive,https://www.manufacturingdive.com/news/seoyon-e-hwa-georgia/642011,https://www.manufacturingdive.com/news/seoyon-e-hwa-georgia/642011,https://www.manufacturingdive.com/news/seoyon-e-hwa-georgia/642011,,www.manufacturingdive.com,,review,True,
run_501_1000,343,"Decatur County, Ga., Chosen for Lithium-Ion Battery Materials Factory",https://www.constructionequipmentguide.com/decatur-county-ga-chosen-as-site-for-new-lithium-ion-battery-materials-factory/61883,https://www.constructionequipmentguide.com/decatur-county-ga-chosen-as-site-for-new-lithium-ion-battery-materials-factory/61883,https://www.constructionequipmentguide.com/decatur-county-ga-chosen-as-site-for-new-lithium-ion-battery-materials-factory/61883,,www.constructionequipmentguide.com,DownloadFailed:403 Client Error: Forbidden for url: https://www.constructionequipmentguide.com/decatur-county-ga-chosen-as-site-for-new-lithium-ion-battery-materials-factory/61883,review,True,
run_501_1000,407,[PDF] Focused on Lithium & Battery Materials Reintegration - Amazon AWS,https://cdn-ceo-ca.s3.amazonaws.com/1i55723-Full%20Circle%20Lithium%20Deck.pdf,https://cdn-ceo-ca.s3.amazonaws.com/1i55723-Full%20Circle%20Lithium%20Deck.pdf,https://cdn-ceo-ca.s3.amazonaws.com/1i55723-Full%20Circle%20Lithium%20Deck.pdf,PDF,cdn-ceo-ca.s3.amazonaws.com,,review,False,pdf
run_501_1000,428,"Vertical Cold Storage Acquires Savannah Facility, Rounding Out Southeast US Network - Vertical Cold Storage",https://www.verticalcold.com/vertical-cold-storage-acquires-savannah-facility-rounding-out-southeast-us-network,https://www.verticalcold.com/vertical-cold-storage-acquires-savannah-facility-rounding-out-southeast-us-network,https://www.verticalcold.com/vertical-cold-storage-acquires-savannah-facility-rounding-out-southeast-us-network,,www.verticalcold.com,,review,True,
run_501_1000,43,Hyundai’s Georgia EV supplier network adds 3 more manufacturers | Manufacturing Dive,https://www.manufacturingdive.com/news/hyundai-georgia-supplier-network-nvh-korea-daesol-ausys-das-corp-manufacturers/693349/,https://www.manufacturingdive.com/news/hyundai-georgia-supplier-network-nvh-korea-daesol-ausys-das-corp-manufacturers/693349/,https://www.manufacturingdive.com/news/hyundai-georgia-supplier-network-nvh-korea-daesol-ausys-das-corp-manufacturers/693349/,,www.manufacturingdive.com,DownloadFailed:403 Client Error: Forbidden for url: https://www.manufacturingdive.com/news/hyundai-georgia-supplier-network-nvh-korea-daesol-ausys-das-corp-manufacturers/693349/,review,True,
run_501_1000,43,Hyundai’s Georgia EV supplier network adds 3 more manufacturers | Supply Chain Dive,https://www.supplychaindive.com/news/hyundai-georgia-supplier-network-nvh-korea-daesol-ausys-das-corp-manufacturers/693434,https://www.supplychaindive.com/news/hyundai-georgia-supplier-network-nvh-korea-daesol-ausys-das-corp-manufacturers/693434,https://www.supplychaindive.com/news/hyundai-georgia-supplier-network-nvh-korea-daesol-ausys-das-corp-manufacturers/693434,,www.supplychaindive.com,DownloadFailed:403 Client Error: Forbidden for url: https://www.supplychaindive.com/news/hyundai-georgia-supplier-network-nvh-korea-daesol-ausys-das-corp-manufacturers/693434,review,True,
run_501_1000,43,Longtime Kia and HMG Supplier to Build Manufacturing Facility in Bulloch County | Georgia.org,https://georgia.org/press-release/longtime-kia-and-hmg-supplier-build-manufacturing-facility-bulloch-county,https://georgia.org/press-release/longtime-kia-and-hmg-supplier-build-manufacturing-facility-bulloch-county,https://georgia.org/press-release/longtime-kia-and-hmg-supplier-build-manufacturing-facility-bulloch-county,,georgia.org,DownloadFailed:403 Client Error: Forbidden for url: https://georgia.org/press-release/longtime-kia-and-hmg-supplier-build-manufacturing-facility-bulloch-county,review,True,
run_501_1000,447,Georgia Business Assets a Powerful Magnet for Electric Vehicle Industry | Georgia.org,https://georgia.org/blog/georgia-business-assets-powerful-magnet-electric-vehicle-industry,https://georgia.org/blog/georgia-business-assets-powerful-magnet-electric-vehicle-industry,https://georgia.org/blog/georgia-business-assets-powerful-magnet-electric-vehicle-industry,,georgia.org,DownloadFailed:403 Client Error: Forbidden for url: https://georgia.org/blog/georgia-business-assets-powerful-magnet-electric-vehicle-industry,review,True,
run_501_1000,447,Third Hyundai supplier sets up factory near upcoming EV plant | Manufacturing Dive,https://www.manufacturingdive.com/news/third-hyundai-supplier-sets-up-factory-near-incoming-ev-plant/640074/,https://www.manufacturingdive.com/news/third-hyundai-supplier-sets-up-factory-near-incoming-ev-plant/640074/,https://www.manufacturingdive.com/news/third-hyundai-supplier-sets-up-factory-near-incoming-ev-plant/640074/,,www.manufacturingdive.com,DownloadFailed:403 Client Error: Forbidden for url: https://www.manufacturingdive.com/news/third-hyundai-supplier-sets-up-factory-near-incoming-ev-plant/640074/,review,True,
run_501_1000,459,[PDF] Electric Transportation Ecosystem - AWS,https://selectgeorgia-production-assets.s3.amazonaws.com/media/documents/Electric_Transportation_Publication_2025.pdf,https://selectgeorgia-production-assets.s3.amazonaws.com/media/documents/Electric_Transportation_Publication_2025.pdf,https://selectgeorgia-production-assets.s3.amazonaws.com/media/documents/Electric_Transportation_Publication_2025.pdf,PDF,selectgeorgia-production-assets.s3.amazonaws.com,LocalFound,review,False,pdf
run_501_1000,463,Southern Business and Development,https://sb-d.com/index.php,https://sb-d.com/index.php,https://sb-d.com/index.php,PHP,sb-d.com,,review,True,php
run_501_1000,466,Freyr Battery abandons plans for Georgia battery factory – pv magazine USA,https://pv-magazine-usa.com/2025/02/10/freyr-battery-abandons-plans-for-georgia-battery-factory,https://pv-magazine-usa.com/2025/02/10/freyr-battery-abandons-plans-for-georgia-battery-factory,https://pv-magazine-usa.com/2025/02/10/freyr-battery-abandons-plans-for-georgia-battery-factory,,pv-magazine-usa.com,,review,True,
run_501_1000,468,Georgia Ports to Increase Rail Cargo Efficiency with New Connector - Supply Chain 24/7,https://www.supplychain247.com/article/georgia-ports-new-connector-increase-rail-cargo-efficiency,https://www.supplychain247.com/article/georgia-ports-new-connector-increase-rail-cargo-efficiency,https://www.supplychain247.com/article/georgia-ports-new-connector-increase-rail-cargo-efficiency,,www.supplychain247.com,DownloadFailed:403 Client Error: Forbidden for url: https://www.supplychain247.com/article/georgia-ports-new-connector-increase-rail-cargo-efficiency,review,True,
run_501_1000,468,Georgia Ports welcomes new MEDLOG flagship cold chain facility to Savannah | AJOT.COM,https://www.ajot.com/news/georgia-ports-welcomes-new-medlog-flagship-cold-chain-facility-to-savannah,https://www.ajot.com/news/georgia-ports-welcomes-new-medlog-flagship-cold-chain-facility-to-savannah,https://www.ajot.com/news/georgia-ports-welcomes-new-medlog-flagship-cold-chain-facility-to-savannah,,www.ajot.com,DownloadFailed:403 Client Error: Forbidden for url: https://www.ajot.com/news/georgia-ports-welcomes-new-medlog-flagship-cold-chain-facility-to-savannah,review,True,
run_501_1000,477,[PDF] The Energy Storage Report 2026 - SolarBaba,https://solarbaba.com/wp-content/uploads/ESN-Report-2026.pdf,https://solarbaba.com/wp-content/uploads/ESN-Report-2026.pdf,https://solarbaba.com/wp-content/uploads/ESN-Report-2026.pdf,PDF,solarbaba.com,,review,False,pdf
run_501_1000,479,[PDF] automotive-battery-supply-chain-analysis-2021 ... - ABB,https://new.abb.com/docs/librariesprovider89/default-document-library/automotive-battery-supply-chain-analysis-2021-final_abb_ams---abridged-version-docx.pdf?sfvrsn=3bc9f708_2,https://new.abb.com/docs/librariesprovider89/default-document-library/automotive-battery-supply-chain-analysis-2021-final_abb_ams---abridged-version-docx.pdf?sfvrsn=3bc9f708_2,https://new.abb.com/docs/librariesprovider89/default-document-library/automotive-battery-supply-chain-analysis-2021-final_abb_ams---abridged-version-docx.pdf?sfvrsn=3bc9f708_2,PDF,new.abb.com,,review,False,pdf
run_501_1000,494,Electric Mobility Innovation Alliance (EMIA): Supply Chain | Georgia Department of Economic Development,https://www.georgia.org/mobility-supply-chain,https://www.georgia.org/mobility-supply-chain,https://www.georgia.org/mobility-supply-chain,,www.georgia.org,DownloadFailed:403 Client Error: Forbidden for url: https://www.georgia.org/mobility-supply-chain,review,True,
run_501_1000,494,Georgia Emerges as Hub for Sustainability | Georgia.org,https://georgia.org/blog/georgia-emerges-hub-sustainability,https://georgia.org/blog/georgia-emerges-hub-sustainability,https://georgia.org/blog/georgia-emerges-hub-sustainability,,georgia.org,DownloadFailed:403 Client Error: Forbidden for url: https://georgia.org/blog/georgia-emerges-hub-sustainability,review,True,
run_501_1000,494,Georgia Leads the Charge in Development of Electric Vehicle Supply Chain | Georgia.org,https://georgia.org/newsroom/blogs/georgia-leads-charge-development-electric-vehicle-supply-chain,https://georgia.org/newsroom/blogs/georgia-leads-charge-development-electric-vehicle-supply-chain,https://georgia.org/newsroom/blogs/georgia-leads-charge-development-electric-vehicle-supply-chain,,georgia.org,DownloadFailed:403 Client Error: Forbidden for url: https://georgia.org/newsroom/blogs/georgia-leads-charge-development-electric-vehicle-supply-chain,review,True,
run_501_1000,494,"Second Global Automotive Supplier for Hyundai Metaplant To Create 1,500 Jobs | Georgia.org",https://www.georgia.org/press-release/second-global-automotive-supplier-hyundai-metaplant-create-1500-jobs,https://www.georgia.org/press-release/second-global-automotive-supplier-hyundai-metaplant-create-1500-jobs,https://www.georgia.org/press-release/second-global-automotive-supplier-hyundai-metaplant-create-1500-jobs,,www.georgia.org,DownloadFailed:403 Client Error: Forbidden for url: https://www.georgia.org/press-release/second-global-automotive-supplier-hyundai-metaplant-create-1500-jobs,review,True,
run_501_1000,5,EV Parts Supplier NVH Korea To Establish Georgia Facility,https://www.aftermarketnews.com/nvh-korea-georgia-manufacturing-facility/,https://www.aftermarketnews.com/nvh-korea-georgia-manufacturing-facility/,https://www.aftermarketnews.com/nvh-korea-georgia-manufacturing-facility/,,www.aftermarketnews.com,DownloadFailed:403 Client Error: Forbidden for url: https://www.aftermarketnews.com/nvh-korea-georgia-manufacturing-facility/,review,True,
run_501_1000,54,Automotive Supplier Invests $11.2 Million in Toombs County | Georgia.org,https://georgia.org/press-release/automotive-supplier-invests-112-million-toombs-county,https://georgia.org/press-release/automotive-supplier-invests-112-million-toombs-county,https://georgia.org/press-release/automotive-supplier-invests-112-million-toombs-county,,georgia.org,DownloadFailed:403 Client Error: Forbidden for url: https://georgia.org/press-release/automotive-supplier-invests-112-million-toombs-county,review,True,
run_501_1000,54,First Hyundai Motor Group Supplier to Build Facility in Bulloch County | Georgia.org,https://www.georgia.org/press-release/first-hyundai-motor-group-supplier-build-facility-bulloch-county,https://www.georgia.org/press-release/first-hyundai-motor-group-supplier-build-facility-bulloch-county,https://www.georgia.org/press-release/first-hyundai-motor-group-supplier-build-facility-bulloch-county,,www.georgia.org,DownloadFailed:403 Client Error: Forbidden for url: https://www.georgia.org/press-release/first-hyundai-motor-group-supplier-build-facility-bulloch-county,review,True,
run_501_1000,54,First Hyundai Motor Group Supplier to Build Facility in Bulloch County | Georgia.org,https://georgia.org/press-release/first-hyundai-motor-group-supplier-build-facility-bulloch-county,https://georgia.org/press-release/first-hyundai-motor-group-supplier-build-facility-bulloch-county,https://georgia.org/press-release/first-hyundai-motor-group-supplier-build-facility-bulloch-county,,georgia.org,DownloadFailed:403 Client Error: Forbidden for url: https://georgia.org/press-release/first-hyundai-motor-group-supplier-build-facility-bulloch-county,review,True,
run_501_1000,58,[PDF] Adam Strege - SEC.gov,https://www.sec.gov/files/litigation/apdocuments/3-21253-2023-03-13-applicant-strege-brief.pdf,https://www.sec.gov/files/litigation/apdocuments/3-21253-2023-03-13-applicant-strege-brief.pdf,https://www.sec.gov/files/litigation/apdocuments/3-21253-2023-03-13-applicant-strege-brief.pdf,PDF,www.sec.gov,,review,False,pdf
run_501_1000,60,Longtime Kia and HMG Supplier to Build Manufacturing Facility in Bulloch County | Georgia.org,https://www.georgia.org/press-release/longtime-kia-and-hmg-supplier-build-manufacturing-facility-bulloch-county,https://www.georgia.org/press-release/longtime-kia-and-hmg-supplier-build-manufacturing-facility-bulloch-county,https://www.georgia.org/press-release/longtime-kia-and-hmg-supplier-build-manufacturing-facility-bulloch-county,,www.georgia.org,DownloadFailed:403 Client Error: Forbidden for url: https://www.georgia.org/press-release/longtime-kia-and-hmg-supplier-build-manufacturing-facility-bulloch-county,review,True,
run_501_1000,66,"Hyundai, LG to Put $2B More Into Georgia Battery Joint Venture - Global Atlanta",https://www.globalatlanta.com/hyundai-lg-to-put-2b-more-into-georgia-battery-joint-venture/,https://www.globalatlanta.com/hyundai-lg-to-put-2b-more-into-georgia-battery-joint-venture/,https://www.globalatlanta.com/hyundai-lg-to-put-2b-more-into-georgia-battery-joint-venture/,,www.globalatlanta.com,,review,True,
run_501_1000,74,SK Battery America cuts 958 jobs at $2.6 billion Georgia plant amid EV pullback | Prism News,https://www.prismnews.com/news/sk-battery-america-cuts-958-jobs-at-26-billion-georgia-plant-amid-ev-pullback,https://www.prismnews.com/news/sk-battery-america-cuts-958-jobs-at-26-billion-georgia-plant-amid-ev-pullback,https://www.prismnews.com/news/sk-battery-america-cuts-958-jobs-at-26-billion-georgia-plant-amid-ev-pullback,,www.prismnews.com,,review,True,
run_501_1000,76,Georgia Lands North America’s Largest Lithium-ion Battery Recycling Plant - Advanced Manufacturing - Business Facilities Magazine,https://businessfacilities.com/georgia-lands-north-americas-largest-lithium-ion-battery-recycling-plant,https://businessfacilities.com/georgia-lands-north-americas-largest-lithium-ion-battery-recycling-plant,https://businessfacilities.com/georgia-lands-north-americas-largest-lithium-ion-battery-recycling-plant,,businessfacilities.com,,review,True,
run_501_1000,8,Analyzing a Decade of Economic Success in Georgia - Expansion Solutions,https://www.expansionsolutionsmagazine.com/analyzing-a-decade-of-economic-success-in-georgia/,https://www.expansionsolutionsmagazine.com/analyzing-a-decade-of-economic-success-in-georgia/,https://www.expansionsolutionsmagazine.com/analyzing-a-decade-of-economic-success-in-georgia/,,www.expansionsolutionsmagazine.com,,review,True,
