run,query_no,title,url,old_acquisition_status,recovery_status,download_method,http_status,error,recovered_source_file,copied_to
run_1_500,354,Georgia Business Assets a Powerful Magnet for Electric Vehicle Industry | Georgia.org,https://georgia.org/blog/georgia-business-assets-powerful-magnet-electric-vehicle-industry,DownloadFailed:403 Client Error: Forbidden for url: https://georgia.org/blog/georgia-business-assets-powerful-magnet-electric-vehicle-industry,recovered,jina_fallback,200,,/home/sm11926/Downloads/Tavily_ev automation/Taviliy_HTML_PDF 3/tavily_review_ready_documents_rerun_1000/missing_recovered/raw_downloads/georgia-business-assets-powerful-magnet-electric-vehicle-industry.txt,/home/sm11926/Downloads/Tavily_ev automation/Taviliy_HTML_PDF 3/tavily_review_ready_documents_rerun_1000/missing_recovered/run_1_500/georgia-business-assets-powerful-magnet-electric-vehicle-industry.txt
run_1_500,25,Georgia Electric Vehicle Manufacturing | Georgia Department of Economic Development,https://georgia.org/EV,DownloadFailed:403 Client Error: Forbidden for url: https://georgia.org/EV,recovered,jina_fallback,200,,/home/sm11926/Downloads/Tavily_ev automation/Taviliy_HTML_PDF 3/tavily_review_ready_documents_rerun_1000/missing_recovered/raw_downloads/EV.txt,/home/sm11926/Downloads/Tavily_ev automation/Taviliy_HTML_PDF 3/tavily_review_ready_documents_rerun_1000/missing_recovered/run_1_500/EV.txt
run_1_500,354,Georgia Emerges as Hub for Sustainability | Georgia.org,https://georgia.org/blog/georgia-emerges-hub-sustainability,DownloadFailed:403 Client Error: Forbidden for url: https://georgia.org/blog/georgia-emerges-hub-sustainability,recovered,jina_fallback,200,,/home/sm11926/Downloads/Tavily_ev automation/Taviliy_HTML_PDF 3/tavily_review_ready_documents_rerun_1000/missing_recovered/raw_downloads/georgia-emerges-hub-sustainability.txt,/home/sm11926/Downloads/Tavily_ev automation/Taviliy_HTML_PDF 3/tavily_review_ready_documents_rerun_1000/missing_recovered/run_1_500/georgia-emerges-hub-sustainability.txt
run_1_500,394,"EV Parts Supplier NVH Korea to Create Over 160 Jobs, Invest $72M in Henry County | Georgia.org",https://www.georgia.org/press-release/ev-parts-supplier-nvh-korea-create-over-160-jobs-invest-72m-henry-county,DownloadFailed:403 Client Error: Forbidden for url: https://www.georgia.org/press-release/ev-parts-supplier-nvh-korea-create-over-160-jobs-invest-72m-henry-county,recovered,jina_fallback,200,,/home/sm11926/Downloads/Tavily_ev automation/Taviliy_HTML_PDF 3/tavily_review_ready_documents_rerun_1000/missing_recovered/raw_downloads/ev-parts-supplier-nvh-korea-create-over-160-jobs-invest-72m-henry-county.txt,/home/sm11926/Downloads/Tavily_ev automation/Taviliy_HTML_PDF 3/tavily_review_ready_documents_rerun_1000/missing_recovered/run_1_500/ev-parts-supplier-nvh-korea-create-over-160-jobs-invest-72m-henry-county.txt
run_1_500,394,"EV Parts Supplier NVH Korea to Create Over 160 Jobs, Invest $72M in Henry County | Georgia.org",https://georgia.org/press-release/ev-parts-supplier-nvh-korea-create-over-160-jobs-invest-72m-henry-county,DownloadFailed:403 Client Error: Forbidden for url: https://georgia.org/press-release/ev-parts-supplier-nvh-korea-create-over-160-jobs-invest-72m-henry-county,recovered,jina_fallback,200,,/home/sm11926/Downloads/Tavily_ev automation/Taviliy_HTML_PDF 3/tavily_review_ready_documents_rerun_1000/missing_recovered/raw_downloads/ev-parts-supplier-nvh-korea-create-over-160-jobs-invest-72m-henry-county.txt,/home/sm11926/Downloads/Tavily_ev automation/Taviliy_HTML_PDF 3/tavily_review_ready_documents_rerun_1000/missing_recovered/run_1_500/ev-parts-supplier-nvh-korea-create-over-160-jobs-invest-72m-henry-county__dup2.txt
run_1_500,279,[PDF] Final Environmental Assessment - Department of Energy,https://www.energy.gov/sites/default/files/2024-06/EA_FONSI_Final_LPO_Aspen%20Aerogel.pdf,"DownloadFailed:('Connection broken: IncompleteRead(20301925 bytes read, 821915 more expected)', IncompleteRead(20301925 bytes read, 821915 more expected))",recovered,direct,200,,/home/sm11926/Downloads/Tavily_ev automation/Taviliy_HTML_PDF 3/tavily_review_ready_documents_rerun_1000/missing_recovered/raw_downloads/EA_FONSI_Final_LPO_Aspen_Aerogel.pdf,/home/sm11926/Downloads/Tavily_ev automation/Taviliy_HTML_PDF 3/tavily_review_ready_documents_rerun_1000/missing_recovered/run_1_500/EA_FONSI_Final_LPO_Aspen_Aerogel.pdf
run_1_500,114,"Bartow County, Georgia Fulfills Location & Logistical ...",https://georgia.org/sites/default/files/2018-06/voestalpine.pdf,,recovered,direct,200,,/home/sm11926/Downloads/Tavily_ev automation/Taviliy_HTML_PDF 3/tavily_review_ready_documents_rerun_1000/missing_recovered/raw_downloads/voestalpine.pdf,/home/sm11926/Downloads/Tavily_ev automation/Taviliy_HTML_PDF 3/tavily_review_ready_documents_rerun_1000/missing_recovered/run_1_500/voestalpine.pdf
run_1_500,354,"Second Global Automotive Supplier for Hyundai Metaplant To Create 1,500 Jobs | Georgia.org",https://www.georgia.org/press-release/second-global-automotive-supplier-hyundai-metaplant-create-1500-jobs,DownloadFailed:403 Client Error: Forbidden for url: https://www.georgia.org/press-release/second-global-automotive-supplier-hyundai-metaplant-create-1500-jobs,recovered,jina_fallback,200,,/home/sm11926/Downloads/Tavily_ev automation/Taviliy_HTML_PDF 3/tavily_review_ready_documents_rerun_1000/missing_recovered/raw_downloads/second-global-automotive-supplier-hyundai-metaplant-create-1500-jobs.txt,/home/sm11926/Downloads/Tavily_ev automation/Taviliy_HTML_PDF 3/tavily_review_ready_documents_rerun_1000/missing_recovered/run_1_500/second-global-automotive-supplier-hyundai-metaplant-create-1500-jobs.txt
run_1_500,354,Hyundai Motor Group and SK On To Build EV Battery Facility in Bartow County | Georgia.org,https://georgia.org/press-release/hyundai-motor-group-and-sk-build-ev-battery-facility-bartow-county,DownloadFailed:403 Client Error: Forbidden for url: https://georgia.org/press-release/hyundai-motor-group-and-sk-build-ev-battery-facility-bartow-county,recovered,jina_fallback,200,,/home/sm11926/Downloads/Tavily_ev automation/Taviliy_HTML_PDF 3/tavily_review_ready_documents_rerun_1000/missing_recovered/raw_downloads/hyundai-motor-group-and-sk-build-ev-battery-facility-bartow-county.txt,/home/sm11926/Downloads/Tavily_ev automation/Taviliy_HTML_PDF 3/tavily_review_ready_documents_rerun_1000/missing_recovered/run_1_500/hyundai-motor-group-and-sk-build-ev-battery-facility-bartow-county.txt
run_1_500,194,"Second Global Automotive Supplier for Hyundai Metaplant To Create 1,500 Jobs | Georgia.org",https://georgia.org/press-release/second-global-automotive-supplier-hyundai-metaplant-create-1500-jobs,DownloadFailed:403 Client Error: Forbidden for url: https://georgia.org/press-release/second-global-automotive-supplier-hyundai-metaplant-create-1500-jobs,recovered,jina_fallback,200,,/home/sm11926/Downloads/Tavily_ev automation/Taviliy_HTML_PDF 3/tavily_review_ready_documents_rerun_1000/missing_recovered/raw_downloads/second-global-automotive-supplier-hyundai-metaplant-create-1500-jobs.txt,/home/sm11926/Downloads/Tavily_ev automation/Taviliy_HTML_PDF 3/tavily_review_ready_documents_rerun_1000/missing_recovered/run_1_500/second-global-automotive-supplier-hyundai-metaplant-create-1500-jobs__dup2.txt
run_1_500,74,Longtime Kia and HMG Supplier to Build Manufacturing Facility in Bulloch County | Georgia.org,https://www.georgia.org/press-release/longtime-kia-and-hmg-supplier-build-manufacturing-facility-bulloch-county,DownloadFailed:403 Client Error: Forbidden for url: https://www.georgia.org/press-release/longtime-kia-and-hmg-supplier-build-manufacturing-facility-bulloch-county,recovered,jina_fallback,200,,/home/sm11926/Downloads/Tavily_ev automation/Taviliy_HTML_PDF 3/tavily_review_ready_documents_rerun_1000/missing_recovered/raw_downloads/longtime-kia-and-hmg-supplier-build-manufacturing-facility-bulloch-county.txt,/home/sm11926/Downloads/Tavily_ev automation/Taviliy_HTML_PDF 3/tavily_review_ready_documents_rerun_1000/missing_recovered/run_1_500/longtime-kia-and-hmg-supplier-build-manufacturing-facility-bulloch-county.txt
run_1_500,74,Longtime Kia and HMG Supplier to Build Manufacturing Facility in Bulloch County | Georgia.org,https://georgia.org/press-release/longtime-kia-and-hmg-supplier-build-manufacturing-facility-bulloch-county,DownloadFailed:403 Client Error: Forbidden for url: https://georgia.org/press-release/longtime-kia-and-hmg-supplier-build-manufacturing-facility-bulloch-county,recovered,jina_fallback,200,,/home/sm11926/Downloads/Tavily_ev automation/Taviliy_HTML_PDF 3/tavily_review_ready_documents_rerun_1000/missing_recovered/raw_downloads/longtime-kia-and-hmg-supplier-build-manufacturing-facility-bulloch-county.txt,/home/sm11926/Downloads/Tavily_ev automation/Taviliy_HTML_PDF 3/tavily_review_ready_documents_rerun_1000/missing_recovered/run_1_500/longtime-kia-and-hmg-supplier-build-manufacturing-facility-bulloch-county__dup2.txt
run_1_500,394,First Hyundai Motor Group Supplier to Build Facility in Bulloch County | Georgia.org,https://www.georgia.org/press-release/first-hyundai-motor-group-supplier-build-facility-bulloch-county,DownloadFailed:403 Client Error: Forbidden for url: https://www.georgia.org/press-release/first-hyundai-motor-group-supplier-build-facility-bulloch-county,recovered,jina_fallback,200,,/home/sm11926/Downloads/Tavily_ev automation/Taviliy_HTML_PDF 3/tavily_review_ready_documents_rerun_1000/missing_recovered/raw_downloads/first-hyundai-motor-group-supplier-build-facility-bulloch-county.txt,/home/sm11926/Downloads/Tavily_ev automation/Taviliy_HTML_PDF 3/tavily_review_ready_documents_rerun_1000/missing_recovered/run_1_500/first-hyundai-motor-group-supplier-build-facility-bulloch-county.txt
run_1_500,394,First Hyundai Motor Group Supplier to Build Facility in Bulloch County | Georgia.org,https://georgia.org/press-release/first-hyundai-motor-group-supplier-build-facility-bulloch-county,DownloadFailed:403 Client Error: Forbidden for url: https://georgia.org/press-release/first-hyundai-motor-group-supplier-build-facility-bulloch-county,recovered,jina_fallback,200,,/home/sm11926/Downloads/Tavily_ev automation/Taviliy_HTML_PDF 3/tavily_review_ready_documents_rerun_1000/missing_recovered/raw_downloads/first-hyundai-motor-group-supplier-build-facility-bulloch-county.txt,/home/sm11926/Downloads/Tavily_ev automation/Taviliy_HTML_PDF 3/tavily_review_ready_documents_rerun_1000/missing_recovered/run_1_500/first-hyundai-motor-group-supplier-build-facility-bulloch-county__dup2.txt
run_1_500,323,GEORGIA,https://climatepower.us/wp-content/uploads/2024/03/State-of-the-Clean-Energy-Boom_Georgia.pdf,,recovered,direct,200,,/home/sm11926/Downloads/Tavily_ev automation/Taviliy_HTML_PDF 3/tavily_review_ready_documents_rerun_1000/missing_recovered/raw_downloads/State-of-the-Clean-Energy-Boom_Georgia.pdf,/home/sm11926/Downloads/Tavily_ev automation/Taviliy_HTML_PDF 3/tavily_review_ready_documents_rerun_1000/missing_recovered/run_1_500/State-of-the-Clean-Energy-Boom_Georgia.pdf
run_1_500,482,Hyundai Motor Group Will Build Big EV Plant And Battery Facility In Georgia,https://insideevs.com/news/587322/hyundai-build-ev-plant-battery-georgia/,,recovered,direct,200,,/home/sm11926/Downloads/Tavily_ev automation/Taviliy_HTML_PDF 3/tavily_review_ready_documents_rerun_1000/missing_recovered/raw_downloads/hyundai-build-ev-plant-battery-georgia.html,/home/sm11926/Downloads/Tavily_ev automation/Taviliy_HTML_PDF 3/tavily_review_ready_documents_rerun_1000/missing_recovered/run_1_500/hyundai-build-ev-plant-battery-georgia.html
run_1_500,491,"Hyundai, SK On plan $5B Georgia EV battery plant | Utility Dive",https://www.utilitydive.com/news/Hyundai-SK-On-plan-5B-Georgia-EV-battery-joint-venture/648667/?ref=cleantech-vanguard.com,,recovered,jina_fallback,200,,/home/sm11926/Downloads/Tavily_ev automation/Taviliy_HTML_PDF 3/tavily_review_ready_documents_rerun_1000/missing_recovered/raw_downloads/648667.txt,/home/sm11926/Downloads/Tavily_ev automation/Taviliy_HTML_PDF 3/tavily_review_ready_documents_rerun_1000/missing_recovered/run_1_500/648667.txt
run_1_500,154,Global Temperature-controlled Storage Leader Lineage Logistics to Build New Savannah Facility | Georgia.org,https://georgia.org/press-release/global-temperature-controlled-storage-leader-lineage-logistics-build-new-savannah,DownloadFailed:403 Client Error: Forbidden for url: https://georgia.org/press-release/global-temperature-controlled-storage-leader-lineage-logistics-build-new-savannah,recovered,jina_fallback,200,,/home/sm11926/Downloads/Tavily_ev automation/Taviliy_HTML_PDF 3/tavily_review_ready_documents_rerun_1000/missing_recovered/raw_downloads/global-temperature-controlled-storage-leader-lineage-logistics-build-new-savannah.txt,/home/sm11926/Downloads/Tavily_ev automation/Taviliy_HTML_PDF 3/tavily_review_ready_documents_rerun_1000/missing_recovered/run_1_500/global-temperature-controlled-storage-leader-lineage-logistics-build-new-savannah.txt
run_1_500,394,How the Georgia-Korea Connection Energizes Opportunities | Georgia.org,https://www.georgia.org/blog/how-georgia-korea-connection-energizes-opportunities,DownloadFailed:403 Client Error: Forbidden for url: https://www.georgia.org/blog/how-georgia-korea-connection-energizes-opportunities,recovered,jina_fallback,200,,/home/sm11926/Downloads/Tavily_ev automation/Taviliy_HTML_PDF 3/tavily_review_ready_documents_rerun_1000/missing_recovered/raw_downloads/how-georgia-korea-connection-energizes-opportunities.txt,/home/sm11926/Downloads/Tavily_ev automation/Taviliy_HTML_PDF 3/tavily_review_ready_documents_rerun_1000/missing_recovered/run_1_500/how-georgia-korea-connection-energizes-opportunities.txt
run_1_500,226,The Rise of America's Battery Belt – Asia Matters for America,https://asiamattersforamerica.org/articles/the-rise-of-americas-battery-belt,,recovered,direct,200,,/home/sm11926/Downloads/Tavily_ev automation/Taviliy_HTML_PDF 3/tavily_review_ready_documents_rerun_1000/missing_recovered/raw_downloads/the-rise-of-americas-battery-belt.html,/home/sm11926/Downloads/Tavily_ev automation/Taviliy_HTML_PDF 3/tavily_review_ready_documents_rerun_1000/missing_recovered/run_1_500/the-rise-of-americas-battery-belt.html
run_1_500,121,Top tier supplier signs on for Kia facility in West Point | Georgia.org,https://georgia.org/newsroom/press-releases/top-tier-supplier-signs-on-for-kia-facility-in-west-point,DownloadFailed:403 Client Error: Forbidden for url: https://georgia.org/newsroom/press-releases/top-tier-supplier-signs-on-for-kia-facility-in-west-point,recovered,jina_fallback,200,,/home/sm11926/Downloads/Tavily_ev automation/Taviliy_HTML_PDF 3/tavily_review_ready_documents_rerun_1000/missing_recovered/raw_downloads/top-tier-supplier-signs-on-for-kia-facility-in-west-point.txt,/home/sm11926/Downloads/Tavily_ev automation/Taviliy_HTML_PDF 3/tavily_review_ready_documents_rerun_1000/missing_recovered/run_1_500/top-tier-supplier-signs-on-for-kia-facility-in-west-point.txt
run_1_500,128,Georgia’s Extensive Logistics Network Speeds Goods to Market | Georgia.org,https://georgia.org/blog/georgias-extensive-logistics-network-speeds-goods-market,,recovered,jina_fallback,200,,/home/sm11926/Downloads/Tavily_ev automation/Taviliy_HTML_PDF 3/tavily_review_ready_documents_rerun_1000/missing_recovered/raw_downloads/georgias-extensive-logistics-network-speeds-goods-market.txt,/home/sm11926/Downloads/Tavily_ev automation/Taviliy_HTML_PDF 3/tavily_review_ready_documents_rerun_1000/missing_recovered/run_1_500/georgias-extensive-logistics-network-speeds-goods-market.txt
run_1_500,442,LG Energy Solution and Hyundai Motor Group to Establish Battery Cell Manufacturing Joint Venture in the U.S. – LG Energy Solution,https://news.lgensol.com/company-news/press-releases/1780/,,recovered,direct,200,,/home/sm11926/Downloads/Tavily_ev automation/Taviliy_HTML_PDF 3/tavily_review_ready_documents_rerun_1000/missing_recovered/raw_downloads/1780.html,/home/sm11926/Downloads/Tavily_ev automation/Taviliy_HTML_PDF 3/tavily_review_ready_documents_rerun_1000/missing_recovered/run_1_500/1780.html
run_1_500,490,Congressional Record,https://www.congress.gov/119/crec/2025/04/28/171/70/CREC-2025-04-28.pdf,,recovered,direct,200,,/home/sm11926/Downloads/Tavily_ev automation/Taviliy_HTML_PDF 3/tavily_review_ready_documents_rerun_1000/missing_recovered/raw_downloads/CREC-2025-04-28.pdf,/home/sm11926/Downloads/Tavily_ev automation/Taviliy_HTML_PDF 3/tavily_review_ready_documents_rerun_1000/missing_recovered/run_1_500/CREC-2025-04-28.pdf
run_1_500,487,Hyundai Will Build First Fully-Dedicated EV Plant In Georgia - Automotive - Business Facilities Magazine,https://businessfacilities.com/2022/05/hyundai-will-build-first-fully-dedicated-ev-plant-in-georgia,,recovered,direct,200,,/home/sm11926/Downloads/Tavily_ev automation/Taviliy_HTML_PDF 3/tavily_review_ready_documents_rerun_1000/missing_recovered/raw_downloads/hyundai-will-build-first-fully-dedicated-ev-plant-in-georgia.html,/home/sm11926/Downloads/Tavily_ev automation/Taviliy_HTML_PDF 3/tavily_review_ready_documents_rerun_1000/missing_recovered/run_1_500/hyundai-will-build-first-fully-dedicated-ev-plant-in-georgia.html
run_1_500,348,Hyundai to build $5.5 billion EV and battery plant in Georgia - The Atlanta Voice,https://theatlantavoice.com/hyundai-to-build-5-5-billion-ev-and-battery-plant-in-georgia,,recovered,jina_fallback,200,,/home/sm11926/Downloads/Tavily_ev automation/Taviliy_HTML_PDF 3/tavily_review_ready_documents_rerun_1000/missing_recovered/raw_downloads/hyundai-to-build-5-5-billion-ev-and-battery-plant-in-georgia.txt,/home/sm11926/Downloads/Tavily_ev automation/Taviliy_HTML_PDF 3/tavily_review_ready_documents_rerun_1000/missing_recovered/run_1_500/hyundai-to-build-5-5-billion-ev-and-battery-plant-in-georgia.txt
run_1_500,442,Hyundai Motor Group | Georgia.org,https://georgia.org/hyundaimotorgroup,DownloadFailed:403 Client Error: Forbidden for url: https://georgia.org/hyundaimotorgroup,recovered,jina_fallback,200,,/home/sm11926/Downloads/Tavily_ev automation/Taviliy_HTML_PDF 3/tavily_review_ready_documents_rerun_1000/missing_recovered/raw_downloads/hyundaimotorgroup.txt,/home/sm11926/Downloads/Tavily_ev automation/Taviliy_HTML_PDF 3/tavily_review_ready_documents_rerun_1000/missing_recovered/run_1_500/hyundaimotorgroup.txt
run_1_500,354,Electric Mobility Innovation Alliance (EMIA): Supply Chain | Georgia Department of Economic Development,https://georgia.org/mobility-supply-chain,DownloadFailed:403 Client Error: Forbidden for url: https://georgia.org/mobility-supply-chain,recovered,jina_fallback,200,,/home/sm11926/Downloads/Tavily_ev automation/Taviliy_HTML_PDF 3/tavily_review_ready_documents_rerun_1000/missing_recovered/raw_downloads/mobility-supply-chain.txt,/home/sm11926/Downloads/Tavily_ev automation/Taviliy_HTML_PDF 3/tavily_review_ready_documents_rerun_1000/missing_recovered/run_1_500/mobility-supply-chain.txt
run_1_500,354,Electric Mobility Innovation Alliance (EMIA): Supply Chain | Georgia Department of Economic Development,https://www.georgia.org/mobility-supply-chain,DownloadFailed:403 Client Error: Forbidden for url: https://www.georgia.org/mobility-supply-chain,recovered,jina_fallback,200,,/home/sm11926/Downloads/Tavily_ev automation/Taviliy_HTML_PDF 3/tavily_review_ready_documents_rerun_1000/missing_recovered/raw_downloads/mobility-supply-chain.txt,/home/sm11926/Downloads/Tavily_ev automation/Taviliy_HTML_PDF 3/tavily_review_ready_documents_rerun_1000/missing_recovered/run_1_500/mobility-supply-chain__dup2.txt
run_1_500,334,[PDF] Clean Energy Investments Are Revitalizing Georgia Communities ...,https://climatepower.us/wp-content/uploads/2024/09/Clean-Energy-Investments-Are-Revitalizing-Georgia-Communities-CEE-2024_09_09-DR.pdf,,recovered,direct,200,,/home/sm11926/Downloads/Tavily_ev automation/Taviliy_HTML_PDF 3/tavily_review_ready_documents_rerun_1000/missing_recovered/raw_downloads/Clean-Energy-Investments-Are-Revitalizing-Georgia-Communities-CEE-2024_09_09-DR.pdf,/home/sm11926/Downloads/Tavily_ev automation/Taviliy_HTML_PDF 3/tavily_review_ready_documents_rerun_1000/missing_recovered/run_1_500/Clean-Energy-Investments-Are-Revitalizing-Georgia-Communities-CEE-2024_09_09-DR.pdf
run_1_500,443,[PDF] Georgia Department of Economic Development Board Meeting,https://georgia.org/sites/default/files/2023-01/2022-5-11_gdecd_board_minutes.pdf,,recovered,direct,200,,/home/sm11926/Downloads/Tavily_ev automation/Taviliy_HTML_PDF 3/tavily_review_ready_documents_rerun_1000/missing_recovered/raw_downloads/2022-5-11_gdecd_board_minutes.pdf,/home/sm11926/Downloads/Tavily_ev automation/Taviliy_HTML_PDF 3/tavily_review_ready_documents_rerun_1000/missing_recovered/run_1_500/2022-5-11_gdecd_board_minutes.pdf
run_1_500,34,[PDF] georgia-highlights_4th_edition_25th_anniversary_2021.pdf,https://georgia.org/sites/default/files/2021-07/georgia-highlights_4th_edition_25th_anniversary_2021.pdf,,recovered,direct,200,,/home/sm11926/Downloads/Tavily_ev automation/Taviliy_HTML_PDF 3/tavily_review_ready_documents_rerun_1000/missing_recovered/raw_downloads/georgia-highlights_4th_edition_25th_anniversary_2021.pdf,/home/sm11926/Downloads/Tavily_ev automation/Taviliy_HTML_PDF 3/tavily_review_ready_documents_rerun_1000/missing_recovered/run_1_500/georgia-highlights_4th_edition_25th_anniversary_2021.pdf
run_1_500,82,Battery boom in the South: How states like Georgia are quietly building,https://business-news-today.com/battery-boom-in-the-south-how-states-like-georgia-are-quietly-building-energy-storage-capacity,,recovered,direct,200,,/home/sm11926/Downloads/Tavily_ev automation/Taviliy_HTML_PDF 3/tavily_review_ready_documents_rerun_1000/missing_recovered/raw_downloads/battery-boom-in-the-south-how-states-like-georgia-are-quietly-building-energy-storage-capacity.html,/home/sm11926/Downloads/Tavily_ev automation/Taviliy_HTML_PDF 3/tavily_review_ready_documents_rerun_1000/missing_recovered/run_1_500/battery-boom-in-the-south-how-states-like-georgia-are-quietly-building-energy-storage-capacity.html
run_1_500,178,[PDF] The Battery Report 2022 - Volta Foundation,https://report.volta.foundation/annual-battery-report/public/Battery_Report_2022.pdf,,recovered,direct,200,,/home/sm11926/Downloads/Tavily_ev automation/Taviliy_HTML_PDF 3/tavily_review_ready_documents_rerun_1000/missing_recovered/raw_downloads/Battery_Report_2022.pdf,/home/sm11926/Downloads/Tavily_ev automation/Taviliy_HTML_PDF 3/tavily_review_ready_documents_rerun_1000/missing_recovered/run_1_500/Battery_Report_2022.pdf
run_1_500,226,The Southeast US Battery Belt Is Learning To Love EVs - CleanTechnica,https://cleantechnica.com/2024/05/08/the-southeast-us-battery-belt-is-learning-to-love-evs/,,recovered,direct,200,,/home/sm11926/Downloads/Tavily_ev automation/Taviliy_HTML_PDF 3/tavily_review_ready_documents_rerun_1000/missing_recovered/raw_downloads/the-southeast-us-battery-belt-is-learning-to-love-evs.html,/home/sm11926/Downloads/Tavily_ev automation/Taviliy_HTML_PDF 3/tavily_review_ready_documents_rerun_1000/missing_recovered/run_1_500/the-southeast-us-battery-belt-is-learning-to-love-evs.html
run_1_500,147,Hyundai Supplier PHA Will Bring 400+ Jobs To Georgia - Automotive - Business Facilities Magazine,https://businessfacilities.com/hyundai-supplier-pha-400-jobs-georgia,DownloadFailed:403 Client Error: Forbidden for url: https://businessfacilities.com/hyundai-supplier-pha-400-jobs-georgia,recovered,direct,200,,/home/sm11926/Downloads/Tavily_ev automation/Taviliy_HTML_PDF 3/tavily_review_ready_documents_rerun_1000/missing_recovered/raw_downloads/hyundai-supplier-pha-400-jobs-georgia.html,/home/sm11926/Downloads/Tavily_ev automation/Taviliy_HTML_PDF 3/tavily_review_ready_documents_rerun_1000/missing_recovered/run_1_500/hyundai-supplier-pha-400-jobs-georgia.html
run_1_500,407,LG Energy Solution and Honda Break Ground for New Joint Venture EV Battery Plant in Ohio | Honda Global Corporate Website,https://global.honda/en/newsroom/news/2023/c230301eng.html,,recovered,direct,200,,/home/sm11926/Downloads/Tavily_ev automation/Taviliy_HTML_PDF 3/tavily_review_ready_documents_rerun_1000/missing_recovered/raw_downloads/c230301eng.html,/home/sm11926/Downloads/Tavily_ev automation/Taviliy_HTML_PDF 3/tavily_review_ready_documents_rerun_1000/missing_recovered/run_1_500/c230301eng.html
run_1_500,374,Plugged-in: EV revolution fuels Battery Belt emergence from the Midwest to the South | Baker Tilly,https://bakertilly.com/insights/ev-revolution-fuels-battery-belt-emergence-midwest-south,,recovered,direct,200,,/home/sm11926/Downloads/Tavily_ev automation/Taviliy_HTML_PDF 3/tavily_review_ready_documents_rerun_1000/missing_recovered/raw_downloads/ev-revolution-fuels-battery-belt-emergence-midwest-south.html,/home/sm11926/Downloads/Tavily_ev automation/Taviliy_HTML_PDF 3/tavily_review_ready_documents_rerun_1000/missing_recovered/run_1_500/ev-revolution-fuels-battery-belt-emergence-midwest-south.html
run_1_500,442,"LG Energy, Hyundai to invest additional $2B in Georgia battery cell plant | Utility Dive",https://www.utilitydive.com/news/lg-energy-hyundai-additional-2b-ellabell-savannah-georgia-joint-battery-cell/692717/,,recovered,jina_fallback,200,,/home/sm11926/Downloads/Tavily_ev automation/Taviliy_HTML_PDF 3/tavily_review_ready_documents_rerun_1000/missing_recovered/raw_downloads/692717.txt,/home/sm11926/Downloads/Tavily_ev automation/Taviliy_HTML_PDF 3/tavily_review_ready_documents_rerun_1000/missing_recovered/run_1_500/692717.txt
run_1_500,474,[PDF] 8 August 2022 US Army Corps of Engineers Savannah District ...,https://georgia.org/sites/default/files/2022-08/08.08.2022_response_to_404_permit_public_notice_comments.pdf,,recovered,direct,200,,/home/sm11926/Downloads/Tavily_ev automation/Taviliy_HTML_PDF 3/tavily_review_ready_documents_rerun_1000/missing_recovered/raw_downloads/08.08.2022_response_to_404_permit_public_notice_comments.pdf,/home/sm11926/Downloads/Tavily_ev automation/Taviliy_HTML_PDF 3/tavily_review_ready_documents_rerun_1000/missing_recovered/run_1_500/08.08.2022_response_to_404_permit_public_notice_comments.pdf
run_1_500,324,EV Parts Supplier NVH Korea To Establish Georgia Facility,https://www.tomorrowstechnician.com/ev-parts-supplier-nvh-korea-to-establish-georgia-facility,,recovered,jina_fallback,200,,/home/sm11926/Downloads/Tavily_ev automation/Taviliy_HTML_PDF 3/tavily_review_ready_documents_rerun_1000/missing_recovered/raw_downloads/ev-parts-supplier-nvh-korea-to-establish-georgia-facility.txt,/home/sm11926/Downloads/Tavily_ev automation/Taviliy_HTML_PDF 3/tavily_review_ready_documents_rerun_1000/missing_recovered/run_1_500/ev-parts-supplier-nvh-korea-to-establish-georgia-facility.txt
run_1_500,178,"Yes, EV Battery Recycling Plants Are Ready in the U.S.",https://abiresearch.com/blogs/2024/07/23/ev-battery-recycling-in-us,,recovered,direct,200,,/home/sm11926/Downloads/Tavily_ev automation/Taviliy_HTML_PDF 3/tavily_review_ready_documents_rerun_1000/missing_recovered/raw_downloads/ev-battery-recycling-in-us.html,/home/sm11926/Downloads/Tavily_ev automation/Taviliy_HTML_PDF 3/tavily_review_ready_documents_rerun_1000/missing_recovered/run_1_500/ev-battery-recycling-in-us.html
run_1_500,130,"Kia to tap Savannah for Telluride components, Brunswick for export - Georgia Ports Authority",https://gaports.com/press-releases/kia-to-tap-savannah-for-telluride-components-brunswick-for-export,,recovered,direct,200,,/home/sm11926/Downloads/Tavily_ev automation/Taviliy_HTML_PDF 3/tavily_review_ready_documents_rerun_1000/missing_recovered/raw_downloads/kia-to-tap-savannah-for-telluride-components-brunswick-for-export.html,/home/sm11926/Downloads/Tavily_ev automation/Taviliy_HTML_PDF 3/tavily_review_ready_documents_rerun_1000/missing_recovered/run_1_500/kia-to-tap-savannah-for-telluride-components-brunswick-for-export.html
run_1_500,442,Tracking the EV battery factory construction boom across North America | TechCrunch,https://techcrunch.com/2025/02/06/tracking-the-ev-battery-factory-construction-boom-across-north-america/,,recovered,jina_fallback,200,,/home/sm11926/Downloads/Tavily_ev automation/Taviliy_HTML_PDF 3/tavily_review_ready_documents_rerun_1000/missing_recovered/raw_downloads/tracking-the-ev-battery-factory-construction-boom-across-north-america.txt,/home/sm11926/Downloads/Tavily_ev automation/Taviliy_HTML_PDF 3/tavily_review_ready_documents_rerun_1000/missing_recovered/run_1_500/tracking-the-ev-battery-factory-construction-boom-across-north-america.txt
run_1_500,136,"Battery Resourcers to Open North America’s Largest Lithium-ion Battery Recycling Facility in Georgia, Create 150 Jobs | Georgia.org",https://georgia.org/press-release/battery-resourcers-open-north-americas-largest-lithium-ion-battery-recycling-facility,DownloadFailed:403 Client Error: Forbidden for url: https://georgia.org/press-release/battery-resourcers-open-north-americas-largest-lithium-ion-battery-recycling-facility,recovered,jina_fallback,200,,/home/sm11926/Downloads/Tavily_ev automation/Taviliy_HTML_PDF 3/tavily_review_ready_documents_rerun_1000/missing_recovered/raw_downloads/battery-resourcers-open-north-americas-largest-lithium-ion-battery-recycling-facility.txt,/home/sm11926/Downloads/Tavily_ev automation/Taviliy_HTML_PDF 3/tavily_review_ready_documents_rerun_1000/missing_recovered/run_1_500/battery-resourcers-open-north-americas-largest-lithium-ion-battery-recycling-facility.txt
run_1_500,25,EV Parts Supplier NVH Korea To Establish Georgia Facility,https://www.aftermarketnews.com/nvh-korea-georgia-manufacturing-facility/,,recovered,jina_fallback,200,,/home/sm11926/Downloads/Tavily_ev automation/Taviliy_HTML_PDF 3/tavily_review_ready_documents_rerun_1000/missing_recovered/raw_downloads/nvh-korea-georgia-manufacturing-facility.txt,/home/sm11926/Downloads/Tavily_ev automation/Taviliy_HTML_PDF 3/tavily_review_ready_documents_rerun_1000/missing_recovered/run_1_500/nvh-korea-georgia-manufacturing-facility.txt
run_1_500,486,SK On and Hyundai Partner on Georgia EV Battery Plant | News | SK,https://eng.sk.com/news/sk-on-and-hyundai-motor-bolster-support-for-u-s-evs-with-georgia-battery-plant,,recovered,direct,200,,/home/sm11926/Downloads/Tavily_ev automation/Taviliy_HTML_PDF 3/tavily_review_ready_documents_rerun_1000/missing_recovered/raw_downloads/sk-on-and-hyundai-motor-bolster-support-for-u-s-evs-with-georgia-battery-plant.html,/home/sm11926/Downloads/Tavily_ev automation/Taviliy_HTML_PDF 3/tavily_review_ready_documents_rerun_1000/missing_recovered/run_1_500/sk-on-and-hyundai-motor-bolster-support-for-u-s-evs-with-georgia-battery-plant.html
run_1_500,500,Seoyon E-Hwa To Invest $76M In Georgia Manufacturing Facility - Automotive - Business Facilities Magazine,https://businessfacilities.com/seoyon-e-hwa-to-invest-76m-in-georgia-manufacturing-facility,,recovered,direct,200,,/home/sm11926/Downloads/Tavily_ev automation/Taviliy_HTML_PDF 3/tavily_review_ready_documents_rerun_1000/missing_recovered/raw_downloads/seoyon-e-hwa-to-invest-76m-in-georgia-manufacturing-facility.html,/home/sm11926/Downloads/Tavily_ev automation/Taviliy_HTML_PDF 3/tavily_review_ready_documents_rerun_1000/missing_recovered/run_1_500/seoyon-e-hwa-to-invest-76m-in-georgia-manufacturing-facility.html
run_1_500,474,Georgia Companies Hit Key Milestones in Long-Term Partnerships | Georgia.org,https://georgia.org/blog/georgia-companies-hit-key-milestones-long-term-partnerships,,recovered,jina_fallback,200,,/home/sm11926/Downloads/Tavily_ev automation/Taviliy_HTML_PDF 3/tavily_review_ready_documents_rerun_1000/missing_recovered/raw_downloads/georgia-companies-hit-key-milestones-long-term-partnerships.txt,/home/sm11926/Downloads/Tavily_ev automation/Taviliy_HTML_PDF 3/tavily_review_ready_documents_rerun_1000/missing_recovered/run_1_500/georgia-companies-hit-key-milestones-long-term-partnerships.txt
run_1_500,487,"Troup County, Georgia | Business View Magazine",https://businessviewmagazine.com/troup-county-georgia,,recovered,direct,200,,/home/sm11926/Downloads/Tavily_ev automation/Taviliy_HTML_PDF 3/tavily_review_ready_documents_rerun_1000/missing_recovered/raw_downloads/troup-county-georgia.html,/home/sm11926/Downloads/Tavily_ev automation/Taviliy_HTML_PDF 3/tavily_review_ready_documents_rerun_1000/missing_recovered/run_1_500/troup-county-georgia.html
run_1_500,487,Hyundai and SK On plan $5B Georgia EV battery plant | Manufacturing Dive,https://www.manufacturingdive.com/news/Hyundai-SK-On-plan-5B-Georgia-EV-battery-joint-venture/648576/,DownloadFailed:403 Client Error: Forbidden for url: https://www.manufacturingdive.com/news/Hyundai-SK-On-plan-5B-Georgia-EV-battery-joint-venture/648576/,recovered,jina_fallback,200,,/home/sm11926/Downloads/Tavily_ev automation/Taviliy_HTML_PDF 3/tavily_review_ready_documents_rerun_1000/missing_recovered/raw_downloads/648576.txt,/home/sm11926/Downloads/Tavily_ev automation/Taviliy_HTML_PDF 3/tavily_review_ready_documents_rerun_1000/missing_recovered/run_1_500/648576.txt
run_1_500,487,Hyundai Mobis to build EV power system plant in Bryan County Georgia,https://www.savannahnow.com/story/business/automotive/2022/11/25/hyundai-mobis-electric-vehicle-power-system-plant-bryan-county-georgia/10762116002,,recovered,direct,200,,/home/sm11926/Downloads/Tavily_ev automation/Taviliy_HTML_PDF 3/tavily_review_ready_documents_rerun_1000/missing_recovered/raw_downloads/10762116002.html,/home/sm11926/Downloads/Tavily_ev automation/Taviliy_HTML_PDF 3/tavily_review_ready_documents_rerun_1000/missing_recovered/run_1_500/10762116002.html
run_1_500,500,Seoyon E-Hwa To Invest $76M In Georgia Manufacturing Facility - Automotive - Business Facilities Magazine,https://businessfacilities.com/seoyon-e-hwa-to-invest-76m-in-georgia-manufacturing-facility/2,,recovered,direct,200,,/home/sm11926/Downloads/Tavily_ev automation/Taviliy_HTML_PDF 3/tavily_review_ready_documents_rerun_1000/missing_recovered/raw_downloads/2.html,/home/sm11926/Downloads/Tavily_ev automation/Taviliy_HTML_PDF 3/tavily_review_ready_documents_rerun_1000/missing_recovered/run_1_500/2.html
run_1_500,390,Hyundai’s Georgia EV supplier network adds 3 more manufacturers | Supply Chain Dive,https://www.supplychaindive.com/news/hyundai-georgia-supplier-network-nvh-korea-daesol-ausys-das-corp-manufacturers/693434,DownloadFailed:403 Client Error: Forbidden for url: https://www.supplychaindive.com/news/hyundai-georgia-supplier-network-nvh-korea-daesol-ausys-das-corp-manufacturers/693434,recovered,jina_fallback,200,,/home/sm11926/Downloads/Tavily_ev automation/Taviliy_HTML_PDF 3/tavily_review_ready_documents_rerun_1000/missing_recovered/raw_downloads/693434.txt,/home/sm11926/Downloads/Tavily_ev automation/Taviliy_HTML_PDF 3/tavily_review_ready_documents_rerun_1000/missing_recovered/run_1_500/693434.txt
run_1_500,124,"Hyundai, LG to Put $2B More Into Georgia Battery Joint Venture - Global Atlanta",https://www.globalatlanta.com/hyundai-lg-to-put-2b-more-into-georgia-battery-joint-venture/,,recovered,jina_fallback,200,,/home/sm11926/Downloads/Tavily_ev automation/Taviliy_HTML_PDF 3/tavily_review_ready_documents_rerun_1000/missing_recovered/raw_downloads/hyundai-lg-to-put-2b-more-into-georgia-battery-joint-venture.txt,/home/sm11926/Downloads/Tavily_ev automation/Taviliy_HTML_PDF 3/tavily_review_ready_documents_rerun_1000/missing_recovered/run_1_500/hyundai-lg-to-put-2b-more-into-georgia-battery-joint-venture.txt
run_1_500,497,US and Canada Electric Vehicle Supply Chain Map - Charged,https://www.charged-the-book.com/na-ev-supply-chain-map,,recovered,direct,200,,/home/sm11926/Downloads/Tavily_ev automation/Taviliy_HTML_PDF 3/tavily_review_ready_documents_rerun_1000/missing_recovered/raw_downloads/na-ev-supply-chain-map.html,/home/sm11926/Downloads/Tavily_ev automation/Taviliy_HTML_PDF 3/tavily_review_ready_documents_rerun_1000/missing_recovered/run_1_500/na-ev-supply-chain-map.html
run_1_500,130,Georgia Ports welcomes Wallenius Wilhelmsen’s new Brunswick hub facility - Georgia Ports Authority,https://gaports.com/press-releases/georgia-ports-welcomes-wallenius-wilhelmsens-new-brunswick-hub-facility/,,recovered,direct,200,,/home/sm11926/Downloads/Tavily_ev automation/Taviliy_HTML_PDF 3/tavily_review_ready_documents_rerun_1000/missing_recovered/raw_downloads/georgia-ports-welcomes-wallenius-wilhelmsens-new-brunswick-hub-facility.html,/home/sm11926/Downloads/Tavily_ev automation/Taviliy_HTML_PDF 3/tavily_review_ready_documents_rerun_1000/missing_recovered/run_1_500/georgia-ports-welcomes-wallenius-wilhelmsens-new-brunswick-hub-facility.html
run_1_500,146,"Port of Savannah | Savannah Infrastructure | Port, Interstate, Rail, Airport",https://seda.org/do-business-here/infrastructure/,,recovered,direct,200,,/home/sm11926/Downloads/Tavily_ev automation/Taviliy_HTML_PDF 3/tavily_review_ready_documents_rerun_1000/missing_recovered/raw_downloads/infrastructure.html,/home/sm11926/Downloads/Tavily_ev automation/Taviliy_HTML_PDF 3/tavily_review_ready_documents_rerun_1000/missing_recovered/run_1_500/infrastructure.html
run_1_500,487,Hyundai Mobis to build EV power system plant in Bryan County Georgia,https://www.usatoday.com/story/business/automotive/2022/11/25/hyundai-mobis-electric-vehicle-power-system-plant-bryan-county-georgia/10762116002,,recovered,direct,200,,/home/sm11926/Downloads/Tavily_ev automation/Taviliy_HTML_PDF 3/tavily_review_ready_documents_rerun_1000/missing_recovered/raw_downloads/10762116002.html,/home/sm11926/Downloads/Tavily_ev automation/Taviliy_HTML_PDF 3/tavily_review_ready_documents_rerun_1000/missing_recovered/run_1_500/10762116002__dup2.html
run_1_500,380,"Transportation, Distribution & Logistics | Georgia Department of Economic Development",https://georgia.org/industries/logistics-supply-chain,DownloadFailed:403 Client Error: Forbidden for url: https://georgia.org/industries/logistics-supply-chain,recovered,jina_fallback,200,,/home/sm11926/Downloads/Tavily_ev automation/Taviliy_HTML_PDF 3/tavily_review_ready_documents_rerun_1000/missing_recovered/raw_downloads/logistics-supply-chain.txt,/home/sm11926/Downloads/Tavily_ev automation/Taviliy_HTML_PDF 3/tavily_review_ready_documents_rerun_1000/missing_recovered/run_1_500/logistics-supply-chain.txt
run_1_500,42,Third Hyundai supplier sets up factory near upcoming EV plant | Manufacturing Dive,https://www.manufacturingdive.com/news/third-hyundai-supplier-sets-up-factory-near-incoming-ev-plant/640074/,,recovered,jina_fallback,200,,/home/sm11926/Downloads/Tavily_ev automation/Taviliy_HTML_PDF 3/tavily_review_ready_documents_rerun_1000/missing_recovered/raw_downloads/640074.txt,/home/sm11926/Downloads/Tavily_ev automation/Taviliy_HTML_PDF 3/tavily_review_ready_documents_rerun_1000/missing_recovered/run_1_500/640074.txt
run_1_500,154,Food Processing | Georgia Food Manufacturing Licenses & Permits,https://www.georgia.org/industries/food-processing,,recovered,jina_fallback,200,,/home/sm11926/Downloads/Tavily_ev automation/Taviliy_HTML_PDF 3/tavily_review_ready_documents_rerun_1000/missing_recovered/raw_downloads/food-processing.txt,/home/sm11926/Downloads/Tavily_ev automation/Taviliy_HTML_PDF 3/tavily_review_ready_documents_rerun_1000/missing_recovered/run_1_500/food-processing.txt
run_1_500,154,Food Processing | Georgia Food Manufacturing Licenses & Permits,https://georgia.org/industries/food-processing,,recovered,jina_fallback,200,,/home/sm11926/Downloads/Tavily_ev automation/Taviliy_HTML_PDF 3/tavily_review_ready_documents_rerun_1000/missing_recovered/raw_downloads/food-processing.txt,/home/sm11926/Downloads/Tavily_ev automation/Taviliy_HTML_PDF 3/tavily_review_ready_documents_rerun_1000/missing_recovered/run_1_500/food-processing__dup2.txt
run_1_500,495,Hyundai supplier to build factory near automaker’s Georgia EV campus | Manufacturing Dive,https://www.manufacturingdive.com/news/hyundai-supplier-to-build-factory-near-its-savannah-ev-campus/636192,,recovered,jina_fallback,200,,/home/sm11926/Downloads/Tavily_ev automation/Taviliy_HTML_PDF 3/tavily_review_ready_documents_rerun_1000/missing_recovered/raw_downloads/636192.txt,/home/sm11926/Downloads/Tavily_ev automation/Taviliy_HTML_PDF 3/tavily_review_ready_documents_rerun_1000/missing_recovered/run_1_500/636192.txt
run_1_500,390,Hyundai’s Georgia EV supplier network adds 3 more manufacturers | Manufacturing Dive,https://www.manufacturingdive.com/news/hyundai-georgia-supplier-network-nvh-korea-daesol-ausys-das-corp-manufacturers/693349,DownloadFailed:403 Client Error: Forbidden for url: https://www.manufacturingdive.com/news/hyundai-georgia-supplier-network-nvh-korea-daesol-ausys-das-corp-manufacturers/693349,recovered,jina_fallback,200,,/home/sm11926/Downloads/Tavily_ev automation/Taviliy_HTML_PDF 3/tavily_review_ready_documents_rerun_1000/missing_recovered/raw_downloads/693349.txt,/home/sm11926/Downloads/Tavily_ev automation/Taviliy_HTML_PDF 3/tavily_review_ready_documents_rerun_1000/missing_recovered/run_1_500/693349.txt
run_1_500,380,Hyundai’s Georgia EV supplier network adds 3 more manufacturers | WardsAuto,https://www.wardsauto.com/news/archive-auto-hyundai-georgia-supplier-network-nvh-korea-daesol-ausys-das-corp-manufacturers/693552,,recovered,jina_fallback,200,,/home/sm11926/Downloads/Tavily_ev automation/Taviliy_HTML_PDF 3/tavily_review_ready_documents_rerun_1000/missing_recovered/raw_downloads/693552.txt,/home/sm11926/Downloads/Tavily_ev automation/Taviliy_HTML_PDF 3/tavily_review_ready_documents_rerun_1000/missing_recovered/run_1_500/693552.txt
run_501_1000,174,"EV Parts Supplier NVH Korea to Create Over 160 Jobs, Invest $72M in Henry County | Georgia.org",https://www.georgia.org/press-release/ev-parts-supplier-nvh-korea-create-over-160-jobs-invest-72m-henry-county,DownloadFailed:403 Client Error: Forbidden for url: https://www.georgia.org/press-release/ev-parts-supplier-nvh-korea-create-over-160-jobs-invest-72m-henry-county,recovered,jina_fallback,200,,/home/sm11926/Downloads/Tavily_ev automation/Taviliy_HTML_PDF 3/tavily_review_ready_documents_rerun_1000/missing_recovered/raw_downloads/ev-parts-supplier-nvh-korea-create-over-160-jobs-invest-72m-henry-county.txt,/home/sm11926/Downloads/Tavily_ev automation/Taviliy_HTML_PDF 3/tavily_review_ready_documents_rerun_1000/missing_recovered/run_501_1000/ev-parts-supplier-nvh-korea-create-over-160-jobs-invest-72m-henry-county.txt
run_501_1000,174,"EV Parts Supplier NVH Korea to Create Over 160 Jobs, Invest $72M in Henry County | Georgia.org",https://georgia.org/press-release/ev-parts-supplier-nvh-korea-create-over-160-jobs-invest-72m-henry-county,DownloadFailed:403 Client Error: Forbidden for url: https://georgia.org/press-release/ev-parts-supplier-nvh-korea-create-over-160-jobs-invest-72m-henry-county,recovered,jina_fallback,200,,/home/sm11926/Downloads/Tavily_ev automation/Taviliy_HTML_PDF 3/tavily_review_ready_documents_rerun_1000/missing_recovered/raw_downloads/ev-parts-supplier-nvh-korea-create-over-160-jobs-invest-72m-henry-county.txt,/home/sm11926/Downloads/Tavily_ev automation/Taviliy_HTML_PDF 3/tavily_review_ready_documents_rerun_1000/missing_recovered/run_501_1000/ev-parts-supplier-nvh-korea-create-over-160-jobs-invest-72m-henry-county__dup2.txt
run_501_1000,157,Georgia Electric Vehicle Manufacturing | Georgia Department of Economic Development,https://georgia.org/EV,DownloadFailed:403 Client Error: Forbidden for url: https://georgia.org/EV,recovered,jina_fallback,200,,/home/sm11926/Downloads/Tavily_ev automation/Taviliy_HTML_PDF 3/tavily_review_ready_documents_rerun_1000/missing_recovered/raw_downloads/EV.txt,/home/sm11926/Downloads/Tavily_ev automation/Taviliy_HTML_PDF 3/tavily_review_ready_documents_rerun_1000/missing_recovered/run_501_1000/EV.txt
run_501_1000,494,Georgia Emerges as Hub for Sustainability | Georgia.org,https://georgia.org/blog/georgia-emerges-hub-sustainability,DownloadFailed:403 Client Error: Forbidden for url: https://georgia.org/blog/georgia-emerges-hub-sustainability,recovered,jina_fallback,200,,/home/sm11926/Downloads/Tavily_ev automation/Taviliy_HTML_PDF 3/tavily_review_ready_documents_rerun_1000/missing_recovered/raw_downloads/georgia-emerges-hub-sustainability.txt,/home/sm11926/Downloads/Tavily_ev automation/Taviliy_HTML_PDF 3/tavily_review_ready_documents_rerun_1000/missing_recovered/run_501_1000/georgia-emerges-hub-sustainability.txt
run_501_1000,447,Georgia Business Assets a Powerful Magnet for Electric Vehicle Industry | Georgia.org,https://georgia.org/blog/georgia-business-assets-powerful-magnet-electric-vehicle-industry,DownloadFailed:403 Client Error: Forbidden for url: https://georgia.org/blog/georgia-business-assets-powerful-magnet-electric-vehicle-industry,recovered,jina_fallback,200,,/home/sm11926/Downloads/Tavily_ev automation/Taviliy_HTML_PDF 3/tavily_review_ready_documents_rerun_1000/missing_recovered/raw_downloads/georgia-business-assets-powerful-magnet-electric-vehicle-industry.txt,/home/sm11926/Downloads/Tavily_ev automation/Taviliy_HTML_PDF 3/tavily_review_ready_documents_rerun_1000/missing_recovered/run_501_1000/georgia-business-assets-powerful-magnet-electric-vehicle-industry.txt
run_501_1000,459,[PDF] Electric Transportation Ecosystem - AWS,https://selectgeorgia-production-assets.s3.amazonaws.com/media/documents/Electric_Transportation_Publication_2025.pdf,LocalFound,recovered,direct,200,,/home/sm11926/Downloads/Tavily_ev automation/Taviliy_HTML_PDF 3/tavily_review_ready_documents_rerun_1000/missing_recovered/raw_downloads/Electric_Transportation_Publication_2025.pdf,/home/sm11926/Downloads/Tavily_ev automation/Taviliy_HTML_PDF 3/tavily_review_ready_documents_rerun_1000/missing_recovered/run_501_1000/Electric_Transportation_Publication_2025.pdf
run_501_1000,494,"Second Global Automotive Supplier for Hyundai Metaplant To Create 1,500 Jobs | Georgia.org",https://www.georgia.org/press-release/second-global-automotive-supplier-hyundai-metaplant-create-1500-jobs,DownloadFailed:403 Client Error: Forbidden for url: https://www.georgia.org/press-release/second-global-automotive-supplier-hyundai-metaplant-create-1500-jobs,recovered,jina_fallback,200,,/home/sm11926/Downloads/Tavily_ev automation/Taviliy_HTML_PDF 3/tavily_review_ready_documents_rerun_1000/missing_recovered/raw_downloads/second-global-automotive-supplier-hyundai-metaplant-create-1500-jobs.txt,/home/sm11926/Downloads/Tavily_ev automation/Taviliy_HTML_PDF 3/tavily_review_ready_documents_rerun_1000/missing_recovered/run_501_1000/second-global-automotive-supplier-hyundai-metaplant-create-1500-jobs.txt
run_501_1000,327,"Anovion Technologies to Create Over 400 Jobs in Bainbridge, Invest $800M in Manufacturing Facility | Georgia.org",https://www.georgia.org/press-release/anovion-technologies-create-over-400-jobs-bainbridge-invest-800m-manufacturing,DownloadFailed:403 Client Error: Forbidden for url: https://www.georgia.org/press-release/anovion-technologies-create-over-400-jobs-bainbridge-invest-800m-manufacturing,recovered,jina_fallback,200,,/home/sm11926/Downloads/Tavily_ev automation/Taviliy_HTML_PDF 3/tavily_review_ready_documents_rerun_1000/missing_recovered/raw_downloads/anovion-technologies-create-over-400-jobs-bainbridge-invest-800m-manufacturing.txt,/home/sm11926/Downloads/Tavily_ev automation/Taviliy_HTML_PDF 3/tavily_review_ready_documents_rerun_1000/missing_recovered/run_501_1000/anovion-technologies-create-over-400-jobs-bainbridge-invest-800m-manufacturing.txt
run_501_1000,43,Longtime Kia and HMG Supplier to Build Manufacturing Facility in Bulloch County | Georgia.org,https://georgia.org/press-release/longtime-kia-and-hmg-supplier-build-manufacturing-facility-bulloch-county,DownloadFailed:403 Client Error: Forbidden for url: https://georgia.org/press-release/longtime-kia-and-hmg-supplier-build-manufacturing-facility-bulloch-county,recovered,jina_fallback,200,,/home/sm11926/Downloads/Tavily_ev automation/Taviliy_HTML_PDF 3/tavily_review_ready_documents_rerun_1000/missing_recovered/raw_downloads/longtime-kia-and-hmg-supplier-build-manufacturing-facility-bulloch-county.txt,/home/sm11926/Downloads/Tavily_ev automation/Taviliy_HTML_PDF 3/tavily_review_ready_documents_rerun_1000/missing_recovered/run_501_1000/longtime-kia-and-hmg-supplier-build-manufacturing-facility-bulloch-county.txt
run_501_1000,29,[PDF] A copy of each Transportation Security Administration (TSA) report ...,https://www.governmentattic.org/21docs/TSAcongNonPubRpts_2007-2014.pdf,,recovered,direct,200,,/home/sm11926/Downloads/Tavily_ev automation/Taviliy_HTML_PDF 3/tavily_review_ready_documents_rerun_1000/missing_recovered/raw_downloads/TSAcongNonPubRpts_2007-2014.pdf,/home/sm11926/Downloads/Tavily_ev automation/Taviliy_HTML_PDF 3/tavily_review_ready_documents_rerun_1000/missing_recovered/run_501_1000/TSAcongNonPubRpts_2007-2014.pdf
run_501_1000,60,Longtime Kia and HMG Supplier to Build Manufacturing Facility in Bulloch County | Georgia.org,https://www.georgia.org/press-release/longtime-kia-and-hmg-supplier-build-manufacturing-facility-bulloch-county,DownloadFailed:403 Client Error: Forbidden for url: https://www.georgia.org/press-release/longtime-kia-and-hmg-supplier-build-manufacturing-facility-bulloch-county,recovered,jina_fallback,200,,/home/sm11926/Downloads/Tavily_ev automation/Taviliy_HTML_PDF 3/tavily_review_ready_documents_rerun_1000/missing_recovered/raw_downloads/longtime-kia-and-hmg-supplier-build-manufacturing-facility-bulloch-county.txt,/home/sm11926/Downloads/Tavily_ev automation/Taviliy_HTML_PDF 3/tavily_review_ready_documents_rerun_1000/missing_recovered/run_501_1000/longtime-kia-and-hmg-supplier-build-manufacturing-facility-bulloch-county__dup2.txt
run_501_1000,58,[PDF] Adam Strege - SEC.gov,https://www.sec.gov/files/litigation/apdocuments/3-21253-2023-03-13-applicant-strege-brief.pdf,,recovered,jina_fallback,200,,/home/sm11926/Downloads/Tavily_ev automation/Taviliy_HTML_PDF 3/tavily_review_ready_documents_rerun_1000/missing_recovered/raw_downloads/3-21253-2023-03-13-applicant-strege-brief.pdf,/home/sm11926/Downloads/Tavily_ev automation/Taviliy_HTML_PDF 3/tavily_review_ready_documents_rerun_1000/missing_recovered/run_501_1000/3-21253-2023-03-13-applicant-strege-brief.pdf
run_501_1000,54,First Hyundai Motor Group Supplier to Build Facility in Bulloch County | Georgia.org,https://www.georgia.org/press-release/first-hyundai-motor-group-supplier-build-facility-bulloch-county,DownloadFailed:403 Client Error: Forbidden for url: https://www.georgia.org/press-release/first-hyundai-motor-group-supplier-build-facility-bulloch-county,recovered,jina_fallback,200,,/home/sm11926/Downloads/Tavily_ev automation/Taviliy_HTML_PDF 3/tavily_review_ready_documents_rerun_1000/missing_recovered/raw_downloads/first-hyundai-motor-group-supplier-build-facility-bulloch-county.txt,/home/sm11926/Downloads/Tavily_ev automation/Taviliy_HTML_PDF 3/tavily_review_ready_documents_rerun_1000/missing_recovered/run_501_1000/first-hyundai-motor-group-supplier-build-facility-bulloch-county.txt
run_501_1000,54,First Hyundai Motor Group Supplier to Build Facility in Bulloch County | Georgia.org,https://georgia.org/press-release/first-hyundai-motor-group-supplier-build-facility-bulloch-county,DownloadFailed:403 Client Error: Forbidden for url: https://georgia.org/press-release/first-hyundai-motor-group-supplier-build-facility-bulloch-county,recovered,jina_fallback,200,,/home/sm11926/Downloads/Tavily_ev automation/Taviliy_HTML_PDF 3/tavily_review_ready_documents_rerun_1000/missing_recovered/raw_downloads/first-hyundai-motor-group-supplier-build-facility-bulloch-county.txt,/home/sm11926/Downloads/Tavily_ev automation/Taviliy_HTML_PDF 3/tavily_review_ready_documents_rerun_1000/missing_recovered/run_501_1000/first-hyundai-motor-group-supplier-build-facility-bulloch-county__dup2.txt
run_501_1000,494,Georgia Leads the Charge in Development of Electric Vehicle Supply Chain | Georgia.org,https://georgia.org/newsroom/blogs/georgia-leads-charge-development-electric-vehicle-supply-chain,DownloadFailed:403 Client Error: Forbidden for url: https://georgia.org/newsroom/blogs/georgia-leads-charge-development-electric-vehicle-supply-chain,recovered,jina_fallback,200,,/home/sm11926/Downloads/Tavily_ev automation/Taviliy_HTML_PDF 3/tavily_review_ready_documents_rerun_1000/missing_recovered/raw_downloads/georgia-leads-charge-development-electric-vehicle-supply-chain.txt,/home/sm11926/Downloads/Tavily_ev automation/Taviliy_HTML_PDF 3/tavily_review_ready_documents_rerun_1000/missing_recovered/run_501_1000/georgia-leads-charge-development-electric-vehicle-supply-chain.txt
run_501_1000,463,Southern Business and Development,https://sb-d.com/index.php,,recovered,direct,200,,/home/sm11926/Downloads/Tavily_ev automation/Taviliy_HTML_PDF 3/tavily_review_ready_documents_rerun_1000/missing_recovered/raw_downloads/index.php.html,/home/sm11926/Downloads/Tavily_ev automation/Taviliy_HTML_PDF 3/tavily_review_ready_documents_rerun_1000/missing_recovered/run_501_1000/index.php.html
run_501_1000,54,Automotive Supplier Invests $11.2 Million in Toombs County | Georgia.org,https://georgia.org/press-release/automotive-supplier-invests-112-million-toombs-county,DownloadFailed:403 Client Error: Forbidden for url: https://georgia.org/press-release/automotive-supplier-invests-112-million-toombs-county,recovered,jina_fallback,200,,/home/sm11926/Downloads/Tavily_ev automation/Taviliy_HTML_PDF 3/tavily_review_ready_documents_rerun_1000/missing_recovered/raw_downloads/automotive-supplier-invests-112-million-toombs-county.txt,/home/sm11926/Downloads/Tavily_ev automation/Taviliy_HTML_PDF 3/tavily_review_ready_documents_rerun_1000/missing_recovered/run_501_1000/automotive-supplier-invests-112-million-toombs-county.txt
run_501_1000,323,"Anovion Technologies to Create Over 400 Jobs in Bainbridge, Invest $800M in Manufacturing Facility | Georgia.org",https://georgia.org/press-release/anovion-technologies-create-over-400-jobs-bainbridge-invest-800m-manufacturing,DownloadFailed:403 Client Error: Forbidden for url: https://georgia.org/press-release/anovion-technologies-create-over-400-jobs-bainbridge-invest-800m-manufacturing,recovered,jina_fallback,200,,/home/sm11926/Downloads/Tavily_ev automation/Taviliy_HTML_PDF 3/tavily_review_ready_documents_rerun_1000/missing_recovered/raw_downloads/anovion-technologies-create-over-400-jobs-bainbridge-invest-800m-manufacturing.txt,/home/sm11926/Downloads/Tavily_ev automation/Taviliy_HTML_PDF 3/tavily_review_ready_documents_rerun_1000/missing_recovered/run_501_1000/anovion-technologies-create-over-400-jobs-bainbridge-invest-800m-manufacturing__dup2.txt
run_501_1000,236,Electric Mobility Innovation Alliance (EMIA): Supply Chain | Georgia Department of Economic Development,https://georgia.org/mobility-supply-chain,DownloadFailed:403 Client Error: Forbidden for url: https://georgia.org/mobility-supply-chain,recovered,jina_fallback,200,,/home/sm11926/Downloads/Tavily_ev automation/Taviliy_HTML_PDF 3/tavily_review_ready_documents_rerun_1000/missing_recovered/raw_downloads/mobility-supply-chain.txt,/home/sm11926/Downloads/Tavily_ev automation/Taviliy_HTML_PDF 3/tavily_review_ready_documents_rerun_1000/missing_recovered/run_501_1000/mobility-supply-chain.txt
run_501_1000,269,Georgia’s Extensive Logistics Network Speeds Goods to Market | Georgia.org,https://georgia.org/blog/georgias-extensive-logistics-network-speeds-goods-market,DownloadFailed:403 Client Error: Forbidden for url: https://georgia.org/blog/georgias-extensive-logistics-network-speeds-goods-market,recovered,jina_fallback,200,,/home/sm11926/Downloads/Tavily_ev automation/Taviliy_HTML_PDF 3/tavily_review_ready_documents_rerun_1000/missing_recovered/raw_downloads/georgias-extensive-logistics-network-speeds-goods-market.txt,/home/sm11926/Downloads/Tavily_ev automation/Taviliy_HTML_PDF 3/tavily_review_ready_documents_rerun_1000/missing_recovered/run_501_1000/georgias-extensive-logistics-network-speeds-goods-market.txt
run_501_1000,343,"Decatur County, Ga., Chosen for Lithium-Ion Battery Materials Factory",https://www.constructionequipmentguide.com/decatur-county-ga-chosen-as-site-for-new-lithium-ion-battery-materials-factory/61883,DownloadFailed:403 Client Error: Forbidden for url: https://www.constructionequipmentguide.com/decatur-county-ga-chosen-as-site-for-new-lithium-ion-battery-materials-factory/61883,recovered,jina_fallback,200,,/home/sm11926/Downloads/Tavily_ev automation/Taviliy_HTML_PDF 3/tavily_review_ready_documents_rerun_1000/missing_recovered/raw_downloads/61883.txt,/home/sm11926/Downloads/Tavily_ev automation/Taviliy_HTML_PDF 3/tavily_review_ready_documents_rerun_1000/missing_recovered/run_501_1000/61883.txt
run_501_1000,319,"GA: Anovion Technologies to Create 400 Jobs in Bainbridge, Invest $800M in Manufacturing Facility | Trade and Industry Development",https://www.tradeandindustrydev.com/region/georgia/news/ga-anovion-technologies-create-400-jobs-bainbridge-31763,,recovered,direct,200,,/home/sm11926/Downloads/Tavily_ev automation/Taviliy_HTML_PDF 3/tavily_review_ready_documents_rerun_1000/missing_recovered/raw_downloads/ga-anovion-technologies-create-400-jobs-bainbridge-31763.html,/home/sm11926/Downloads/Tavily_ev automation/Taviliy_HTML_PDF 3/tavily_review_ready_documents_rerun_1000/missing_recovered/run_501_1000/ga-anovion-technologies-create-400-jobs-bainbridge-31763.html
run_501_1000,494,Electric Mobility Innovation Alliance (EMIA): Supply Chain | Georgia Department of Economic Development,https://www.georgia.org/mobility-supply-chain,DownloadFailed:403 Client Error: Forbidden for url: https://www.georgia.org/mobility-supply-chain,recovered,jina_fallback,200,,/home/sm11926/Downloads/Tavily_ev automation/Taviliy_HTML_PDF 3/tavily_review_ready_documents_rerun_1000/missing_recovered/raw_downloads/mobility-supply-chain.txt,/home/sm11926/Downloads/Tavily_ev automation/Taviliy_HTML_PDF 3/tavily_review_ready_documents_rerun_1000/missing_recovered/run_501_1000/mobility-supply-chain__dup2.txt
run_501_1000,180,[PDF] 2024 Collective Impact Report - Cox Enterprises,https://www.coxenterprises.com/wp-content/uploads/2025/08/2024_Report_R7.8_DIGITAL-Final.pdf,,recovered,direct,200,,/home/sm11926/Downloads/Tavily_ev automation/Taviliy_HTML_PDF 3/tavily_review_ready_documents_rerun_1000/missing_recovered/raw_downloads/2024_Report_R7.8_DIGITAL-Final.pdf,/home/sm11926/Downloads/Tavily_ev automation/Taviliy_HTML_PDF 3/tavily_review_ready_documents_rerun_1000/missing_recovered/run_501_1000/2024_Report_R7.8_DIGITAL-Final.pdf
run_501_1000,479,[PDF] automotive-battery-supply-chain-analysis-2021 ... - ABB,https://new.abb.com/docs/librariesprovider89/default-document-library/automotive-battery-supply-chain-analysis-2021-final_abb_ams---abridged-version-docx.pdf?sfvrsn=3bc9f708_2,,recovered,direct,200,,/home/sm11926/Downloads/Tavily_ev automation/Taviliy_HTML_PDF 3/tavily_review_ready_documents_rerun_1000/missing_recovered/raw_downloads/automotive-battery-supply-chain-analysis-2021-final_abb_ams---abridged-version-docx.pdf,/home/sm11926/Downloads/Tavily_ev automation/Taviliy_HTML_PDF 3/tavily_review_ready_documents_rerun_1000/missing_recovered/run_501_1000/automotive-battery-supply-chain-analysis-2021-final_abb_ams---abridged-version-docx.pdf
run_501_1000,407,[PDF] Focused on Lithium & Battery Materials Reintegration - Amazon AWS,https://cdn-ceo-ca.s3.amazonaws.com/1i55723-Full%20Circle%20Lithium%20Deck.pdf,,recovered,direct,200,,/home/sm11926/Downloads/Tavily_ev automation/Taviliy_HTML_PDF 3/tavily_review_ready_documents_rerun_1000/missing_recovered/raw_downloads/1i55723-Full_Circle_Lithium_Deck.pdf,/home/sm11926/Downloads/Tavily_ev automation/Taviliy_HTML_PDF 3/tavily_review_ready_documents_rerun_1000/missing_recovered/run_501_1000/1i55723-Full_Circle_Lithium_Deck.pdf
run_501_1000,246,Hyundai Motor Group and SK On to Build EV Battery Facility in Georgia - Autobody News,https://www.autobodynews.com/news/hyundai-motor-group-and-sk-on-to-build-ev-battery-facility-in-georgia,,recovered,direct,200,,/home/sm11926/Downloads/Tavily_ev automation/Taviliy_HTML_PDF 3/tavily_review_ready_documents_rerun_1000/missing_recovered/raw_downloads/hyundai-motor-group-and-sk-on-to-build-ev-battery-facility-in-georgia.html,/home/sm11926/Downloads/Tavily_ev automation/Taviliy_HTML_PDF 3/tavily_review_ready_documents_rerun_1000/missing_recovered/run_501_1000/hyundai-motor-group-and-sk-on-to-build-ev-battery-facility-in-georgia.html
run_501_1000,74,SK Battery America cuts 958 jobs at $2.6 billion Georgia plant amid EV pullback | Prism News,https://www.prismnews.com/news/sk-battery-america-cuts-958-jobs-at-26-billion-georgia-plant-amid-ev-pullback,,recovered,direct,200,,/home/sm11926/Downloads/Tavily_ev automation/Taviliy_HTML_PDF 3/tavily_review_ready_documents_rerun_1000/missing_recovered/raw_downloads/sk-battery-america-cuts-958-jobs-at-26-billion-georgia-plant-amid-ev-pullback.html,/home/sm11926/Downloads/Tavily_ev automation/Taviliy_HTML_PDF 3/tavily_review_ready_documents_rerun_1000/missing_recovered/run_501_1000/sk-battery-america-cuts-958-jobs-at-26-billion-georgia-plant-amid-ev-pullback.html
run_501_1000,466,Freyr Battery abandons plans for Georgia battery factory – pv magazine USA,https://pv-magazine-usa.com/2025/02/10/freyr-battery-abandons-plans-for-georgia-battery-factory,,recovered,direct,200,,/home/sm11926/Downloads/Tavily_ev automation/Taviliy_HTML_PDF 3/tavily_review_ready_documents_rerun_1000/missing_recovered/raw_downloads/freyr-battery-abandons-plans-for-georgia-battery-factory.html,/home/sm11926/Downloads/Tavily_ev automation/Taviliy_HTML_PDF 3/tavily_review_ready_documents_rerun_1000/missing_recovered/run_501_1000/freyr-battery-abandons-plans-for-georgia-battery-factory.html
run_501_1000,34,Embracing Progress: Highlights from our First Pop-Up Bus Tour in Troup County - Location Georgia,https://www.locationgeorgia.com/pop-up-bus-tour-troup-county-june-2024,,recovered,direct,200,,/home/sm11926/Downloads/Tavily_ev automation/Taviliy_HTML_PDF 3/tavily_review_ready_documents_rerun_1000/missing_recovered/raw_downloads/pop-up-bus-tour-troup-county-june-2024.html,/home/sm11926/Downloads/Tavily_ev automation/Taviliy_HTML_PDF 3/tavily_review_ready_documents_rerun_1000/missing_recovered/run_501_1000/pop-up-bus-tour-troup-county-june-2024.html
run_501_1000,244,[PDF] Georgia Department of Economic Development Board Meeting,https://georgia.org/sites/default/files/2023-01/2022-5-11_gdecd_board_minutes.pdf,,recovered,direct,200,,/home/sm11926/Downloads/Tavily_ev automation/Taviliy_HTML_PDF 3/tavily_review_ready_documents_rerun_1000/missing_recovered/raw_downloads/2022-5-11_gdecd_board_minutes.pdf,/home/sm11926/Downloads/Tavily_ev automation/Taviliy_HTML_PDF 3/tavily_review_ready_documents_rerun_1000/missing_recovered/run_501_1000/2022-5-11_gdecd_board_minutes.pdf
run_501_1000,130,Georgia Ports Authority (a Component Unit of the State of Georgia),https://gaports.com/wp-content/uploads/2024/10/GPA-ACFR.pdf,,recovered,direct,200,,/home/sm11926/Downloads/Tavily_ev automation/Taviliy_HTML_PDF 3/tavily_review_ready_documents_rerun_1000/missing_recovered/raw_downloads/GPA-ACFR.pdf,/home/sm11926/Downloads/Tavily_ev automation/Taviliy_HTML_PDF 3/tavily_review_ready_documents_rerun_1000/missing_recovered/run_501_1000/GPA-ACFR.pdf
run_501_1000,468,Georgia Ports welcomes new MEDLOG flagship cold chain facility to Savannah | AJOT.COM,https://www.ajot.com/news/georgia-ports-welcomes-new-medlog-flagship-cold-chain-facility-to-savannah,DownloadFailed:403 Client Error: Forbidden for url: https://www.ajot.com/news/georgia-ports-welcomes-new-medlog-flagship-cold-chain-facility-to-savannah,recovered,jina_fallback,200,,/home/sm11926/Downloads/Tavily_ev automation/Taviliy_HTML_PDF 3/tavily_review_ready_documents_rerun_1000/missing_recovered/raw_downloads/georgia-ports-welcomes-new-medlog-flagship-cold-chain-facility-to-savannah.txt,/home/sm11926/Downloads/Tavily_ev automation/Taviliy_HTML_PDF 3/tavily_review_ready_documents_rerun_1000/missing_recovered/run_501_1000/georgia-ports-welcomes-new-medlog-flagship-cold-chain-facility-to-savannah.txt
run_501_1000,144,"Hyundai, SK On plan $5B Georgia EV battery plant | Utility Dive",https://www.utilitydive.com/news/Hyundai-SK-On-plan-5B-Georgia-EV-battery-joint-venture/648667?ref=cleantech-vanguard.com,DownloadFailed:403 Client Error: Forbidden for url: https://www.utilitydive.com/news/Hyundai-SK-On-plan-5B-Georgia-EV-battery-joint-venture/648667?ref=cleantech-vanguard.com,recovered,jina_fallback,200,,/home/sm11926/Downloads/Tavily_ev automation/Taviliy_HTML_PDF 3/tavily_review_ready_documents_rerun_1000/missing_recovered/raw_downloads/648667.txt,/home/sm11926/Downloads/Tavily_ev automation/Taviliy_HTML_PDF 3/tavily_review_ready_documents_rerun_1000/missing_recovered/run_501_1000/648667.txt
run_501_1000,239,EV Parts Supplier NVH Korea To Establish Georgia Facility,https://www.tomorrowstechnician.com/ev-parts-supplier-nvh-korea-to-establish-georgia-facility,DownloadFailed:403 Client Error: Forbidden for url: https://www.tomorrowstechnician.com/ev-parts-supplier-nvh-korea-to-establish-georgia-facility,recovered,jina_fallback,200,,/home/sm11926/Downloads/Tavily_ev automation/Taviliy_HTML_PDF 3/tavily_review_ready_documents_rerun_1000/missing_recovered/raw_downloads/ev-parts-supplier-nvh-korea-to-establish-georgia-facility.txt,/home/sm11926/Downloads/Tavily_ev automation/Taviliy_HTML_PDF 3/tavily_review_ready_documents_rerun_1000/missing_recovered/run_501_1000/ev-parts-supplier-nvh-korea-to-establish-georgia-facility.txt
run_501_1000,8,Analyzing a Decade of Economic Success in Georgia - Expansion Solutions,https://www.expansionsolutionsmagazine.com/analyzing-a-decade-of-economic-success-in-georgia/,,recovered,direct,200,,/home/sm11926/Downloads/Tavily_ev automation/Taviliy_HTML_PDF 3/tavily_review_ready_documents_rerun_1000/missing_recovered/raw_downloads/analyzing-a-decade-of-economic-success-in-georgia.html,/home/sm11926/Downloads/Tavily_ev automation/Taviliy_HTML_PDF 3/tavily_review_ready_documents_rerun_1000/missing_recovered/run_501_1000/analyzing-a-decade-of-economic-success-in-georgia.html
run_501_1000,180,EV Parts Supplier NVH Korea To Establish Georgia Facility,https://www.aftermarketnews.com/nvh-korea-georgia-manufacturing-facility,,recovered,jina_fallback,200,,/home/sm11926/Downloads/Tavily_ev automation/Taviliy_HTML_PDF 3/tavily_review_ready_documents_rerun_1000/missing_recovered/raw_downloads/nvh-korea-georgia-manufacturing-facility.txt,/home/sm11926/Downloads/Tavily_ev automation/Taviliy_HTML_PDF 3/tavily_review_ready_documents_rerun_1000/missing_recovered/run_501_1000/nvh-korea-georgia-manufacturing-facility.txt
run_501_1000,334,EV & Mobility Newsroom | Georgia.org,https://georgia.org/ev-mobility-newsroom,,recovered,jina_fallback,200,,/home/sm11926/Downloads/Tavily_ev automation/Taviliy_HTML_PDF 3/tavily_review_ready_documents_rerun_1000/missing_recovered/raw_downloads/ev-mobility-newsroom.txt,/home/sm11926/Downloads/Tavily_ev automation/Taviliy_HTML_PDF 3/tavily_review_ready_documents_rerun_1000/missing_recovered/run_501_1000/ev-mobility-newsroom.txt
run_501_1000,240,Seoyon E-Hwa To Invest $76M In Georgia Manufacturing Facility - Automotive - Business Facilities Magazine,https://businessfacilities.com/seoyon-e-hwa-to-invest-76m-in-georgia-manufacturing-facility,,recovered,direct,200,,/home/sm11926/Downloads/Tavily_ev automation/Taviliy_HTML_PDF 3/tavily_review_ready_documents_rerun_1000/missing_recovered/raw_downloads/seoyon-e-hwa-to-invest-76m-in-georgia-manufacturing-facility.html,/home/sm11926/Downloads/Tavily_ev automation/Taviliy_HTML_PDF 3/tavily_review_ready_documents_rerun_1000/missing_recovered/run_501_1000/seoyon-e-hwa-to-invest-76m-in-georgia-manufacturing-facility.html
run_501_1000,239,Hyundai and SK On plan $5B Georgia EV battery plant | Manufacturing Dive,https://www.manufacturingdive.com/news/Hyundai-SK-On-plan-5B-Georgia-EV-battery-joint-venture/648576/,DownloadFailed:403 Client Error: Forbidden for url: https://www.manufacturingdive.com/news/Hyundai-SK-On-plan-5B-Georgia-EV-battery-joint-venture/648576/,recovered,jina_fallback,200,,/home/sm11926/Downloads/Tavily_ev automation/Taviliy_HTML_PDF 3/tavily_review_ready_documents_rerun_1000/missing_recovered/raw_downloads/648576.txt,/home/sm11926/Downloads/Tavily_ev automation/Taviliy_HTML_PDF 3/tavily_review_ready_documents_rerun_1000/missing_recovered/run_501_1000/648576.txt
run_501_1000,1,Hyundai Supplier PHA Will Bring 400+ Jobs To Georgia - Automotive - Business Facilities Magazine,https://businessfacilities.com/hyundai-supplier-pha-400-jobs-georgia,DownloadFailed:403 Client Error: Forbidden for url: https://businessfacilities.com/hyundai-supplier-pha-400-jobs-georgia,recovered,direct,200,,/home/sm11926/Downloads/Tavily_ev automation/Taviliy_HTML_PDF 3/tavily_review_ready_documents_rerun_1000/missing_recovered/raw_downloads/hyundai-supplier-pha-400-jobs-georgia.html,/home/sm11926/Downloads/Tavily_ev automation/Taviliy_HTML_PDF 3/tavily_review_ready_documents_rerun_1000/missing_recovered/run_501_1000/hyundai-supplier-pha-400-jobs-georgia.html
run_501_1000,224,"[PDF] Together, we add - Light - Georgia Transmission",https://www.gatransmission.com/wp-content/uploads/2020/04/2019-Georgia-Transmission-Annual-Report.pdf,,recovered,direct,200,,/home/sm11926/Downloads/Tavily_ev automation/Taviliy_HTML_PDF 3/tavily_review_ready_documents_rerun_1000/missing_recovered/raw_downloads/2019-Georgia-Transmission-Annual-Report.pdf,/home/sm11926/Downloads/Tavily_ev automation/Taviliy_HTML_PDF 3/tavily_review_ready_documents_rerun_1000/missing_recovered/run_501_1000/2019-Georgia-Transmission-Annual-Report.pdf
run_501_1000,239,"Hyundai, SK On plan $5B Georgia EV battery plant | Utility Dive",https://www.utilitydive.com/news/Hyundai-SK-On-plan-5B-Georgia-EV-battery-joint-venture/648667/,DownloadFailed:403 Client Error: Forbidden for url: https://www.utilitydive.com/news/Hyundai-SK-On-plan-5B-Georgia-EV-battery-joint-venture/648667/,recovered,jina_fallback,200,,/home/sm11926/Downloads/Tavily_ev automation/Taviliy_HTML_PDF 3/tavily_review_ready_documents_rerun_1000/missing_recovered/raw_downloads/648667.txt,/home/sm11926/Downloads/Tavily_ev automation/Taviliy_HTML_PDF 3/tavily_review_ready_documents_rerun_1000/missing_recovered/run_501_1000/648667__dup2.txt
run_501_1000,240,Seoyon E-Hwa To Invest $76M In Georgia Manufacturing Facility - Automotive - Business Facilities Magazine,https://businessfacilities.com/seoyon-e-hwa-to-invest-76m-in-georgia-manufacturing-facility/2,,recovered,direct,200,,/home/sm11926/Downloads/Tavily_ev automation/Taviliy_HTML_PDF 3/tavily_review_ready_documents_rerun_1000/missing_recovered/raw_downloads/2.html,/home/sm11926/Downloads/Tavily_ev automation/Taviliy_HTML_PDF 3/tavily_review_ready_documents_rerun_1000/missing_recovered/run_501_1000/2.html
run_501_1000,308,New manufacturing facility breaks ground in Bainbridge,https://www.walb.com/2023/06/28/new-manufacturing-facility-breaks-ground-bainbridge/,,recovered,direct,200,,/home/sm11926/Downloads/Tavily_ev automation/Taviliy_HTML_PDF 3/tavily_review_ready_documents_rerun_1000/missing_recovered/raw_downloads/new-manufacturing-facility-breaks-ground-bainbridge.html,/home/sm11926/Downloads/Tavily_ev automation/Taviliy_HTML_PDF 3/tavily_review_ready_documents_rerun_1000/missing_recovered/run_501_1000/new-manufacturing-facility-breaks-ground-bainbridge.html
run_501_1000,43,Hyundai’s Georgia EV supplier network adds 3 more manufacturers | Supply Chain Dive,https://www.supplychaindive.com/news/hyundai-georgia-supplier-network-nvh-korea-daesol-ausys-das-corp-manufacturers/693434,DownloadFailed:403 Client Error: Forbidden for url: https://www.supplychaindive.com/news/hyundai-georgia-supplier-network-nvh-korea-daesol-ausys-das-corp-manufacturers/693434,recovered,jina_fallback,200,,/home/sm11926/Downloads/Tavily_ev automation/Taviliy_HTML_PDF 3/tavily_review_ready_documents_rerun_1000/missing_recovered/raw_downloads/693434.txt,/home/sm11926/Downloads/Tavily_ev automation/Taviliy_HTML_PDF 3/tavily_review_ready_documents_rerun_1000/missing_recovered/run_501_1000/693434.txt
run_501_1000,5,EV Parts Supplier NVH Korea To Establish Georgia Facility,https://www.aftermarketnews.com/nvh-korea-georgia-manufacturing-facility/,DownloadFailed:403 Client Error: Forbidden for url: https://www.aftermarketnews.com/nvh-korea-georgia-manufacturing-facility/,recovered,jina_fallback,200,,/home/sm11926/Downloads/Tavily_ev automation/Taviliy_HTML_PDF 3/tavily_review_ready_documents_rerun_1000/missing_recovered/raw_downloads/nvh-korea-georgia-manufacturing-facility.txt,/home/sm11926/Downloads/Tavily_ev automation/Taviliy_HTML_PDF 3/tavily_review_ready_documents_rerun_1000/missing_recovered/run_501_1000/nvh-korea-georgia-manufacturing-facility__dup2.txt
run_501_1000,468,Georgia Ports to Increase Rail Cargo Efficiency with New Connector - Supply Chain 24/7,https://www.supplychain247.com/article/georgia-ports-new-connector-increase-rail-cargo-efficiency,DownloadFailed:403 Client Error: Forbidden for url: https://www.supplychain247.com/article/georgia-ports-new-connector-increase-rail-cargo-efficiency,recovered,jina_fallback,200,,/home/sm11926/Downloads/Tavily_ev automation/Taviliy_HTML_PDF 3/tavily_review_ready_documents_rerun_1000/missing_recovered/raw_downloads/georgia-ports-new-connector-increase-rail-cargo-efficiency.txt,/home/sm11926/Downloads/Tavily_ev automation/Taviliy_HTML_PDF 3/tavily_review_ready_documents_rerun_1000/missing_recovered/run_501_1000/georgia-ports-new-connector-increase-rail-cargo-efficiency.txt
run_501_1000,477,[PDF] The Energy Storage Report 2026 - SolarBaba,https://solarbaba.com/wp-content/uploads/ESN-Report-2026.pdf,,recovered,direct,200,,/home/sm11926/Downloads/Tavily_ev automation/Taviliy_HTML_PDF 3/tavily_review_ready_documents_rerun_1000/missing_recovered/raw_downloads/ESN-Report-2026.pdf,/home/sm11926/Downloads/Tavily_ev automation/Taviliy_HTML_PDF 3/tavily_review_ready_documents_rerun_1000/missing_recovered/run_501_1000/ESN-Report-2026.pdf
run_501_1000,428,"Vertical Cold Storage Acquires Savannah Facility, Rounding Out Southeast US Network - Vertical Cold Storage",https://www.verticalcold.com/vertical-cold-storage-acquires-savannah-facility-rounding-out-southeast-us-network,,recovered,direct,200,,/home/sm11926/Downloads/Tavily_ev automation/Taviliy_HTML_PDF 3/tavily_review_ready_documents_rerun_1000/missing_recovered/raw_downloads/vertical-cold-storage-acquires-savannah-facility-rounding-out-southeast-us-network.html,/home/sm11926/Downloads/Tavily_ev automation/Taviliy_HTML_PDF 3/tavily_review_ready_documents_rerun_1000/missing_recovered/run_501_1000/vertical-cold-storage-acquires-savannah-facility-rounding-out-southeast-us-network.html
run_501_1000,447,Third Hyundai supplier sets up factory near upcoming EV plant | Manufacturing Dive,https://www.manufacturingdive.com/news/third-hyundai-supplier-sets-up-factory-near-incoming-ev-plant/640074/,DownloadFailed:403 Client Error: Forbidden for url: https://www.manufacturingdive.com/news/third-hyundai-supplier-sets-up-factory-near-incoming-ev-plant/640074/,recovered,jina_fallback,200,,/home/sm11926/Downloads/Tavily_ev automation/Taviliy_HTML_PDF 3/tavily_review_ready_documents_rerun_1000/missing_recovered/raw_downloads/640074.txt,/home/sm11926/Downloads/Tavily_ev automation/Taviliy_HTML_PDF 3/tavily_review_ready_documents_rerun_1000/missing_recovered/run_501_1000/640074.txt
run_501_1000,66,"Hyundai, LG to Put $2B More Into Georgia Battery Joint Venture - Global Atlanta",https://www.globalatlanta.com/hyundai-lg-to-put-2b-more-into-georgia-battery-joint-venture/,,recovered,jina_fallback,200,,/home/sm11926/Downloads/Tavily_ev automation/Taviliy_HTML_PDF 3/tavily_review_ready_documents_rerun_1000/missing_recovered/raw_downloads/hyundai-lg-to-put-2b-more-into-georgia-battery-joint-venture.txt,/home/sm11926/Downloads/Tavily_ev automation/Taviliy_HTML_PDF 3/tavily_review_ready_documents_rerun_1000/missing_recovered/run_501_1000/hyundai-lg-to-put-2b-more-into-georgia-battery-joint-venture.txt
run_501_1000,34,Hyundai supplier plans second Georgia manufacturing site | Manufacturing Dive,https://www.manufacturingdive.com/news/seoyon-e-hwa-georgia/642011,,recovered,jina_fallback,200,,/home/sm11926/Downloads/Tavily_ev automation/Taviliy_HTML_PDF 3/tavily_review_ready_documents_rerun_1000/missing_recovered/raw_downloads/642011.txt,/home/sm11926/Downloads/Tavily_ev automation/Taviliy_HTML_PDF 3/tavily_review_ready_documents_rerun_1000/missing_recovered/run_501_1000/642011.txt
run_501_1000,76,Georgia Lands North America’s Largest Lithium-ion Battery Recycling Plant - Advanced Manufacturing - Business Facilities Magazine,https://businessfacilities.com/georgia-lands-north-americas-largest-lithium-ion-battery-recycling-plant,,recovered,direct,200,,/home/sm11926/Downloads/Tavily_ev automation/Taviliy_HTML_PDF 3/tavily_review_ready_documents_rerun_1000/missing_recovered/raw_downloads/georgia-lands-north-americas-largest-lithium-ion-battery-recycling-plant.html,/home/sm11926/Downloads/Tavily_ev automation/Taviliy_HTML_PDF 3/tavily_review_ready_documents_rerun_1000/missing_recovered/run_501_1000/georgia-lands-north-americas-largest-lithium-ion-battery-recycling-plant.html
run_501_1000,239,Hyundai supplier to build factory near automaker’s Georgia EV campus | Manufacturing Dive,https://www.manufacturingdive.com/news/hyundai-supplier-to-build-factory-near-its-savannah-ev-campus/636192,,recovered,jina_fallback,200,,/home/sm11926/Downloads/Tavily_ev automation/Taviliy_HTML_PDF 3/tavily_review_ready_documents_rerun_1000/missing_recovered/raw_downloads/636192.txt,/home/sm11926/Downloads/Tavily_ev automation/Taviliy_HTML_PDF 3/tavily_review_ready_documents_rerun_1000/missing_recovered/run_501_1000/636192.txt
run_501_1000,290,Hyundai’s Georgia EV supplier network adds 3 more manufacturers | WardsAuto,https://www.wardsauto.com/news/archive-auto-hyundai-georgia-supplier-network-nvh-korea-daesol-ausys-das-corp-manufacturers/693552,,recovered,jina_fallback,200,,/home/sm11926/Downloads/Tavily_ev automation/Taviliy_HTML_PDF 3/tavily_review_ready_documents_rerun_1000/missing_recovered/raw_downloads/693552.txt,/home/sm11926/Downloads/Tavily_ev automation/Taviliy_HTML_PDF 3/tavily_review_ready_documents_rerun_1000/missing_recovered/run_501_1000/693552.txt
run_501_1000,290,Hyundai’s Georgia EV supplier network adds 3 more manufacturers | Manufacturing Dive,https://www.manufacturingdive.com/news/hyundai-georgia-supplier-network-nvh-korea-daesol-ausys-das-corp-manufacturers/693349,DownloadFailed:403 Client Error: Forbidden for url: https://www.manufacturingdive.com/news/hyundai-georgia-supplier-network-nvh-korea-daesol-ausys-das-corp-manufacturers/693349,recovered,jina_fallback,200,,/home/sm11926/Downloads/Tavily_ev automation/Taviliy_HTML_PDF 3/tavily_review_ready_documents_rerun_1000/missing_recovered/raw_downloads/693349.txt,/home/sm11926/Downloads/Tavily_ev automation/Taviliy_HTML_PDF 3/tavily_review_ready_documents_rerun_1000/missing_recovered/run_501_1000/693349.txt
run_501_1000,130,Savannah Warehousing & Distribution Solutions | Port-Proximate Storage,https://olimpwarehousing.com/service-locations/us-georgia/savannah/warehousing/,,recovered,direct,200,,/home/sm11926/Downloads/Tavily_ev automation/Taviliy_HTML_PDF 3/tavily_review_ready_documents_rerun_1000/missing_recovered/raw_downloads/warehousing.html,/home/sm11926/Downloads/Tavily_ev automation/Taviliy_HTML_PDF 3/tavily_review_ready_documents_rerun_1000/missing_recovered/run_501_1000/warehousing.html
run_501_1000,43,Hyundai’s Georgia EV supplier network adds 3 more manufacturers | Manufacturing Dive,https://www.manufacturingdive.com/news/hyundai-georgia-supplier-network-nvh-korea-daesol-ausys-das-corp-manufacturers/693349/,DownloadFailed:403 Client Error: Forbidden for url: https://www.manufacturingdive.com/news/hyundai-georgia-supplier-network-nvh-korea-daesol-ausys-das-corp-manufacturers/693349/,recovered,jina_fallback,200,,/home/sm11926/Downloads/Tavily_ev automation/Taviliy_HTML_PDF 3/tavily_review_ready_documents_rerun_1000/missing_recovered/raw_downloads/693349.txt,/home/sm11926/Downloads/Tavily_ev automation/Taviliy_HTML_PDF 3/tavily_review_ready_documents_rerun_1000/missing_recovered/run_501_1000/693349__dup2.txt
